nu,sigma,Test 1,Test 2,Class,Iterations to Inverse
-225,-225,TRUE,TRUE,4,2
-224,-2,TRUE,FALSE,1,60
-224,224,TRUE,FALSE,1,2
-223,-4,TRUE,FALSE,1,60
-223,-2,FALSE,FALSE,3,>450
-223,223,TRUE,FALSE,1,2
-223,224,FALSE,FALSE,3,2
-222,-6,TRUE,FALSE,1,60
-222,222,TRUE,FALSE,1,2
-221,-8,TRUE,FALSE,1,60
-221,221,TRUE,FALSE,1,2
-220,-10,TRUE,FALSE,1,60
-220,220,TRUE,FALSE,1,2
-219,-12,TRUE,FALSE,1,60
-219,219,TRUE,FALSE,1,2
-218,-14,TRUE,FALSE,1,60
-218,218,TRUE,FALSE,1,2
-217,-16,TRUE,FALSE,1,60
-217,217,TRUE,FALSE,1,2
-216,-18,TRUE,FALSE,1,60
-216,216,TRUE,FALSE,1,2
-215,-20,TRUE,FALSE,1,60
-215,215,TRUE,FALSE,1,2
-214,-22,TRUE,FALSE,1,60
-214,214,TRUE,FALSE,1,2
-213,-24,TRUE,FALSE,1,60
-213,213,TRUE,FALSE,1,2
-212,-26,TRUE,FALSE,1,60
-212,212,TRUE,FALSE,1,2
-211,-28,TRUE,FALSE,1,60
-211,211,TRUE,FALSE,1,2
-210,-30,TRUE,FALSE,1,60
-210,210,TRUE,FALSE,1,2
-209,-32,TRUE,FALSE,1,60
-209,209,TRUE,FALSE,1,2
-208,-34,TRUE,FALSE,1,60
-208,208,TRUE,FALSE,1,2
-207,-36,TRUE,FALSE,1,60
-207,207,TRUE,FALSE,1,2
-206,-38,TRUE,FALSE,1,60
-206,206,TRUE,FALSE,1,2
-205,-40,TRUE,FALSE,1,60
-205,205,TRUE,FALSE,1,2
-204,-42,TRUE,FALSE,1,60
-204,204,TRUE,FALSE,1,2
-203,-44,TRUE,FALSE,1,60
-203,203,TRUE,FALSE,1,2
-202,-46,TRUE,FALSE,1,60
-202,202,TRUE,FALSE,1,2
-201,-48,TRUE,FALSE,1,60
-201,201,TRUE,FALSE,1,2
-200,-50,TRUE,FALSE,1,60
-200,200,TRUE,FALSE,1,2
-199,-52,TRUE,FALSE,1,60
-199,199,TRUE,FALSE,1,2
-198,-54,TRUE,FALSE,1,60
-198,198,TRUE,FALSE,1,2
-197,-56,TRUE,FALSE,1,60
-197,197,TRUE,FALSE,1,2
-196,-58,TRUE,FALSE,1,60
-196,196,TRUE,FALSE,1,2
-195,-60,TRUE,FALSE,1,60
-195,195,TRUE,FALSE,1,2
-194,-62,TRUE,FALSE,1,60
-194,194,TRUE,FALSE,1,2
-193,-64,TRUE,FALSE,1,60
-193,193,TRUE,FALSE,1,2
-192,-66,TRUE,FALSE,1,60
-192,192,TRUE,FALSE,1,2
-191,-68,TRUE,FALSE,1,60
-191,191,TRUE,FALSE,1,2
-190,-70,TRUE,FALSE,1,60
-190,190,TRUE,FALSE,1,2
-189,-72,TRUE,FALSE,1,60
-189,189,TRUE,FALSE,1,2
-188,-74,TRUE,FALSE,1,60
-188,188,TRUE,FALSE,1,2
-187,-76,TRUE,FALSE,1,60
-187,187,TRUE,FALSE,1,2
-186,-78,TRUE,FALSE,1,60
-186,186,TRUE,FALSE,1,2
-185,-80,TRUE,FALSE,1,60
-185,185,TRUE,FALSE,1,2
-184,-82,TRUE,FALSE,1,60
-184,184,TRUE,FALSE,1,2
-183,-84,TRUE,FALSE,1,60
-183,183,TRUE,FALSE,1,2
-182,-86,TRUE,FALSE,1,60
-182,182,TRUE,FALSE,1,2
-181,-88,TRUE,FALSE,1,60
-181,181,TRUE,FALSE,1,2
-180,-90,TRUE,FALSE,1,60
-180,180,TRUE,FALSE,1,2
-179,-92,TRUE,FALSE,1,60
-179,179,TRUE,FALSE,1,2
-178,-94,TRUE,FALSE,1,60
-178,178,TRUE,FALSE,1,2
-177,-96,TRUE,FALSE,1,60
-177,177,TRUE,FALSE,1,2
-176,-98,TRUE,FALSE,1,60
-176,176,TRUE,FALSE,1,2
-175,-100,TRUE,FALSE,1,60
-175,175,TRUE,FALSE,1,2
-174,-102,TRUE,FALSE,1,60
-174,174,TRUE,FALSE,1,2
-173,-104,TRUE,FALSE,1,60
-173,173,TRUE,FALSE,1,2
-172,-106,TRUE,FALSE,1,60
-172,172,TRUE,FALSE,1,2
-171,-108,TRUE,FALSE,1,60
-171,171,TRUE,FALSE,1,2
-170,-110,TRUE,FALSE,1,60
-170,170,TRUE,FALSE,1,2
-169,-112,TRUE,FALSE,1,60
-169,169,TRUE,FALSE,1,2
-168,-114,TRUE,FALSE,1,60
-168,168,TRUE,FALSE,1,2
-167,-116,TRUE,FALSE,1,60
-167,167,TRUE,FALSE,1,2
-166,-118,TRUE,FALSE,1,60
-166,166,TRUE,FALSE,1,2
-165,-120,TRUE,FALSE,1,60
-165,165,TRUE,FALSE,1,2
-164,-122,TRUE,FALSE,1,60
-164,164,TRUE,FALSE,1,2
-163,-124,TRUE,FALSE,1,60
-163,163,TRUE,FALSE,1,2
-162,-126,TRUE,FALSE,1,60
-162,162,TRUE,FALSE,1,2
-161,-128,TRUE,FALSE,1,60
-161,161,TRUE,FALSE,1,2
-160,-130,TRUE,FALSE,1,60
-160,160,TRUE,FALSE,1,2
-159,-132,TRUE,FALSE,1,60
-159,159,TRUE,FALSE,1,2
-158,-134,TRUE,FALSE,1,60
-158,158,TRUE,FALSE,1,2
-157,-136,TRUE,FALSE,1,60
-157,157,TRUE,FALSE,1,2
-156,-138,TRUE,FALSE,1,60
-156,156,TRUE,FALSE,1,2
-155,-140,TRUE,FALSE,1,60
-155,155,TRUE,FALSE,1,2
-154,-142,TRUE,FALSE,1,60
-154,154,TRUE,FALSE,1,2
-153,-144,TRUE,FALSE,1,60
-153,153,TRUE,FALSE,1,2
-152,-146,TRUE,FALSE,1,60
-152,152,TRUE,FALSE,1,2
-151,-148,TRUE,FALSE,1,60
-151,151,TRUE,FALSE,1,2
-150,-150,TRUE,FALSE,1,60
-150,150,TRUE,FALSE,1,2
-149,-152,TRUE,FALSE,1,60
-149,149,TRUE,FALSE,1,2
-148,-154,TRUE,FALSE,1,60
-148,148,TRUE,FALSE,1,2
-147,-156,TRUE,FALSE,1,60
-147,147,TRUE,FALSE,1,2
-146,-158,TRUE,FALSE,1,60
-146,146,TRUE,FALSE,1,2
-145,-160,TRUE,FALSE,1,60
-145,145,TRUE,FALSE,1,2
-144,-162,TRUE,FALSE,1,60
-144,144,TRUE,FALSE,1,2
-143,-164,TRUE,FALSE,1,60
-143,143,TRUE,FALSE,1,2
-142,-166,TRUE,FALSE,1,60
-142,142,TRUE,FALSE,1,2
-141,-168,TRUE,FALSE,1,60
-141,141,TRUE,FALSE,1,2
-140,-170,TRUE,FALSE,1,60
-140,140,TRUE,FALSE,1,2
-139,-172,TRUE,FALSE,1,60
-139,139,TRUE,FALSE,1,2
-138,-174,TRUE,FALSE,1,60
-138,138,TRUE,FALSE,1,2
-137,-176,TRUE,FALSE,1,60
-137,137,TRUE,FALSE,1,2
-136,-178,TRUE,FALSE,1,60
-136,136,TRUE,FALSE,1,2
-135,-180,TRUE,FALSE,1,60
-135,135,TRUE,FALSE,1,2
-134,-182,TRUE,FALSE,1,60
-134,134,TRUE,FALSE,1,2
-133,-184,TRUE,FALSE,1,60
-133,133,TRUE,FALSE,1,2
-132,-186,TRUE,FALSE,1,60
-132,132,TRUE,FALSE,1,2
-131,-188,TRUE,FALSE,1,60
-131,131,TRUE,FALSE,1,2
-130,-190,TRUE,FALSE,1,60
-130,130,TRUE,FALSE,1,2
-129,-192,TRUE,FALSE,1,60
-129,129,TRUE,FALSE,1,2
-128,-194,TRUE,FALSE,1,60
-128,128,TRUE,FALSE,1,2
-127,-196,TRUE,FALSE,1,60
-127,127,TRUE,FALSE,1,2
-126,-198,TRUE,FALSE,1,60
-126,126,TRUE,FALSE,1,2
-125,-200,TRUE,FALSE,1,60
-125,125,TRUE,FALSE,1,2
-124,-202,TRUE,FALSE,1,60
-124,124,TRUE,FALSE,1,2
-123,-204,TRUE,FALSE,1,60
-123,123,TRUE,FALSE,1,2
-122,-206,TRUE,FALSE,1,60
-122,122,TRUE,FALSE,1,2
-121,-208,TRUE,FALSE,1,60
-121,121,TRUE,FALSE,1,2
-120,-210,TRUE,FALSE,1,60
-120,120,TRUE,FALSE,1,2
-119,-212,TRUE,FALSE,1,60
-119,119,TRUE,FALSE,1,2
-118,-214,TRUE,FALSE,1,60
-118,118,TRUE,FALSE,1,2
-117,-216,TRUE,FALSE,1,60
-117,117,TRUE,FALSE,1,2
-116,-218,TRUE,FALSE,1,60
-116,116,TRUE,FALSE,1,2
-115,-220,TRUE,FALSE,1,60
-115,115,TRUE,FALSE,1,2
-114,-222,TRUE,FALSE,1,60
-114,114,TRUE,FALSE,1,2
-113,-224,TRUE,FALSE,1,60
-113,113,TRUE,FALSE,1,2
-112,224,TRUE,FALSE,1,60
-111,222,TRUE,FALSE,1,60
-110,220,TRUE,FALSE,1,60
-109,218,TRUE,FALSE,1,60
-108,216,TRUE,FALSE,1,60
-107,214,TRUE,FALSE,1,60
-106,212,TRUE,FALSE,1,60
-105,210,TRUE,FALSE,1,60
-104,208,TRUE,FALSE,1,60
-103,206,TRUE,FALSE,1,60
-102,204,TRUE,FALSE,1,60
-101,202,TRUE,FALSE,1,60
-100,200,TRUE,FALSE,1,60
-99,198,TRUE,FALSE,1,60
-98,196,TRUE,FALSE,1,60
-97,194,TRUE,FALSE,1,60
-96,192,TRUE,FALSE,1,60
-95,190,TRUE,FALSE,1,60
-94,188,TRUE,FALSE,1,60
-93,186,TRUE,FALSE,1,60
-92,184,TRUE,FALSE,1,60
-91,182,TRUE,FALSE,1,60
-90,180,TRUE,FALSE,1,60
-89,178,TRUE,FALSE,1,60
-88,176,TRUE,FALSE,1,60
-87,174,TRUE,FALSE,1,60
-86,172,TRUE,FALSE,1,60
-85,170,TRUE,FALSE,1,60
-84,168,TRUE,FALSE,1,60
-83,166,TRUE,FALSE,1,60
-82,164,TRUE,FALSE,1,60
-81,162,TRUE,FALSE,1,60
-80,160,TRUE,FALSE,1,60
-79,158,TRUE,FALSE,1,60
-78,156,TRUE,FALSE,1,60
-77,154,TRUE,FALSE,1,60
-76,152,TRUE,FALSE,1,60
-74,-154,TRUE,FALSE,1,30
-73,-158,TRUE,FALSE,1,30
-72,-162,TRUE,FALSE,1,30
-71,-166,TRUE,FALSE,1,30
-70,-170,TRUE,FALSE,1,30
-69,-174,TRUE,FALSE,1,30
-68,-178,TRUE,FALSE,1,30
-67,-182,TRUE,FALSE,1,30
-66,-186,TRUE,FALSE,1,30
-65,-190,TRUE,FALSE,1,30
-64,-194,TRUE,FALSE,1,30
-63,-198,TRUE,FALSE,1,30
-62,-202,TRUE,FALSE,1,30
-61,-206,TRUE,FALSE,1,30
-60,-210,TRUE,FALSE,1,30
-59,-214,TRUE,FALSE,1,30
-58,-218,TRUE,FALSE,1,30
-57,-222,TRUE,FALSE,1,30
-56,224,TRUE,FALSE,1,30
-55,220,TRUE,FALSE,1,30
-54,216,TRUE,FALSE,1,30
-53,212,TRUE,FALSE,1,30
-52,208,TRUE,FALSE,1,30
-51,204,TRUE,FALSE,1,30
-50,200,TRUE,FALSE,1,30
-49,196,TRUE,FALSE,1,30
-48,192,TRUE,FALSE,1,30
-47,188,TRUE,FALSE,1,30
-46,184,TRUE,FALSE,1,30
-37,-191,TRUE,FALSE,1,12
-36,-198,TRUE,FALSE,1,12
-35,-205,TRUE,FALSE,1,12
-34,-212,TRUE,FALSE,1,12
-33,-219,TRUE,FALSE,1,12
-32,-194,TRUE,FALSE,1,20
-32,224,TRUE,FALSE,1,12
-31,-202,TRUE,FALSE,1,20
-31,217,TRUE,FALSE,1,12
-30,-210,TRUE,FALSE,1,20
-30,210,TRUE,FALSE,1,12
-29,-218,TRUE,FALSE,1,20
-29,203,TRUE,FALSE,1,12
-28,224,TRUE,FALSE,1,20
-27,216,TRUE,FALSE,1,20
-26,208,TRUE,FALSE,1,20
-25,-200,FALSE,TRUE,2,10
-25,-175,FALSE,TRUE,2,45
-25,-125,FALSE,TRUE,2,30
-25,-100,FALSE,TRUE,2,45
-25,-50,FALSE,TRUE,2,30
-25,-25,FALSE,TRUE,2,45
-25,25,FALSE,TRUE,2,10
-25,50,FALSE,TRUE,2,45
-25,100,FALSE,TRUE,2,30
-25,125,FALSE,TRUE,2,45
-25,175,FALSE,TRUE,2,30
-25,200,FALSE,TRUE,2,45
-22,-208,TRUE,FALSE,1,30
-21,-219,TRUE,FALSE,1,30
-20,220,TRUE,FALSE,1,30
-19,209,TRUE,FALSE,1,30
-18,-216,TRUE,FALSE,1,60
-17,-212,TRUE,FALSE,1,15
-17,221,TRUE,FALSE,1,60
-16,224,TRUE,FALSE,1,15
-14,-212,TRUE,FALSE,1,20
-14,224,TRUE,FALSE,1,30
-13,221,TRUE,FALSE,1,20
-12,-222,TRUE,FALSE,1,10
-10,-220,TRUE,FALSE,1,60
-10,220,TRUE,FALSE,1,60
-9,-216,FALSE,TRUE,2,150
-9,-207,FALSE,TRUE,2,60
-9,-198,FALSE,TRUE,2,60
-9,-189,FALSE,TRUE,2,150
-9,-171,FALSE,TRUE,2,150
-9,-162,FALSE,TRUE,2,12
-9,-153,FALSE,TRUE,2,60
-9,-144,FALSE,TRUE,2,150
-9,-126,FALSE,TRUE,2,150
-9,-117,FALSE,TRUE,2,60
-9,-108,FALSE,TRUE,2,60
-9,-99,FALSE,TRUE,2,150
-9,-81,FALSE,TRUE,2,150
-9,-72,FALSE,TRUE,2,60
-9,-63,FALSE,TRUE,2,12
-9,-54,FALSE,TRUE,2,150
-9,-36,FALSE,TRUE,2,150
-9,-27,FALSE,TRUE,2,60
-9,-18,FALSE,TRUE,2,60
-9,-9,FALSE,TRUE,2,150
-9,9,FALSE,TRUE,2,150
-9,18,FALSE,TRUE,2,60
-9,27,FALSE,TRUE,2,60
-9,36,FALSE,TRUE,2,150
-9,54,FALSE,TRUE,2,150
-9,63,FALSE,TRUE,2,12
-9,72,FALSE,TRUE,2,60
-9,81,FALSE,TRUE,2,150
-9,99,FALSE,TRUE,2,150
-9,108,FALSE,TRUE,2,60
-9,117,FALSE,TRUE,2,60
-9,126,FALSE,TRUE,2,150
-9,144,FALSE,TRUE,2,150
-9,153,FALSE,TRUE,2,60
-9,162,FALSE,TRUE,2,12
-9,171,FALSE,TRUE,2,150
-9,189,FALSE,TRUE,2,150
-9,198,FALSE,TRUE,2,60
-9,207,FALSE,TRUE,2,60
-9,216,FALSE,TRUE,2,150
-8,-218,TRUE,FALSE,1,15
-8,224,TRUE,FALSE,1,20
-7,224,TRUE,FALSE,1,12
-6,-222,TRUE,FALSE,1,60
-6,222,TRUE,FALSE,1,20
-4,224,TRUE,FALSE,1,30
-2,-224,TRUE,FALSE,1,60
-2,224,TRUE,FALSE,1,60
-1,-224,FALSE,TRUE,2,2
-1,-223,FALSE,TRUE,2,60
-1,-221,FALSE,TRUE,2,30
-1,-218,FALSE,TRUE,2,12
-1,-217,FALSE,TRUE,2,20
-1,-214,FALSE,TRUE,2,30
-1,-212,FALSE,TRUE,2,60
-1,-211,FALSE,TRUE,2,15
-1,-209,FALSE,TRUE,2,30
-1,-208,FALSE,TRUE,2,20
-1,-206,FALSE,TRUE,2,10
-1,-203,FALSE,TRUE,2,60
-1,-202,FALSE,TRUE,2,60
-1,-199,FALSE,TRUE,2,2
-1,-197,FALSE,TRUE,2,20
-1,-196,FALSE,TRUE,2,15
-1,-194,FALSE,TRUE,2,30
-1,-193,FALSE,TRUE,2,12
-1,-191,FALSE,TRUE,2,30
-1,-188,FALSE,TRUE,2,20
-1,-187,FALSE,TRUE,2,60
-1,-184,FALSE,TRUE,2,30
-1,-182,FALSE,TRUE,2,12
-1,-181,FALSE,TRUE,2,5
-1,-179,FALSE,TRUE,2,10
-1,-178,FALSE,TRUE,2,60
-1,-176,FALSE,TRUE,2,6
-1,-173,FALSE,TRUE,2,60
-1,-172,FALSE,TRUE,2,20
-1,-169,FALSE,TRUE,2,30
-1,-167,FALSE,TRUE,2,60
-1,-166,FALSE,TRUE,2,15
-1,-164,FALSE,TRUE,2,30
-1,-163,FALSE,TRUE,2,20
-1,-161,FALSE,TRUE,2,10
-1,-158,FALSE,TRUE,2,60
-1,-157,FALSE,TRUE,2,12
-1,-154,FALSE,TRUE,2,10
-1,-152,FALSE,TRUE,2,20
-1,-151,FALSE,TRUE,2,3
-1,-149,FALSE,TRUE,2,6
-1,-148,FALSE,TRUE,2,60
-1,-146,FALSE,TRUE,2,30
-1,-143,FALSE,TRUE,2,4
-1,-142,FALSE,TRUE,2,60
-1,-139,FALSE,TRUE,2,30
-1,-137,FALSE,TRUE,2,60
-1,-136,FALSE,TRUE,2,5
-1,-134,FALSE,TRUE,2,10
-1,-133,FALSE,TRUE,2,60
-1,-131,FALSE,TRUE,2,30
-1,-128,FALSE,TRUE,2,60
-1,-127,FALSE,TRUE,2,20
-1,-124,FALSE,TRUE,2,6
-1,-122,FALSE,TRUE,2,60
-1,-121,FALSE,TRUE,2,15
-1,-119,FALSE,TRUE,2,30
-1,-118,FALSE,TRUE,2,4
-1,-116,FALSE,TRUE,2,10
-1,-113,FALSE,TRUE,2,60
-1,-112,FALSE,TRUE,2,60
-1,-109,FALSE,TRUE,2,10
-1,-107,FALSE,TRUE,2,4
-1,-106,FALSE,TRUE,2,15
-1,-104,FALSE,TRUE,2,30
-1,-103,FALSE,TRUE,2,60
-1,-101,FALSE,TRUE,2,6
-1,-98,FALSE,TRUE,2,20
-1,-97,FALSE,TRUE,2,60
-1,-94,FALSE,TRUE,2,30
-1,-92,FALSE,TRUE,2,60
-1,-91,FALSE,TRUE,2,5
-1,-89,FALSE,TRUE,2,10
-1,-88,FALSE,TRUE,2,60
-1,-86,FALSE,TRUE,2,30
-1,-83,FALSE,TRUE,2,60
-1,-82,FALSE,TRUE,2,4
-1,-79,FALSE,TRUE,2,30
-1,-77,FALSE,TRUE,2,60
-1,-76,FALSE,TRUE,2,3
-1,-74,FALSE,TRUE,2,6
-1,-73,FALSE,TRUE,2,20
-1,-71,FALSE,TRUE,2,10
-1,-68,FALSE,TRUE,2,12
-1,-67,FALSE,TRUE,2,60
-1,-64,FALSE,TRUE,2,10
-1,-62,FALSE,TRUE,2,20
-1,-61,FALSE,TRUE,2,15
-1,-59,FALSE,TRUE,2,30
-1,-58,FALSE,TRUE,2,60
-1,-56,FALSE,TRUE,2,30
-1,-53,FALSE,TRUE,2,20
-1,-52,FALSE,TRUE,2,60
-1,-49,FALSE,TRUE,2,6
-1,-47,FALSE,TRUE,2,60
-1,-46,FALSE,TRUE,2,5
-1,-44,FALSE,TRUE,2,10
-1,-43,FALSE,TRUE,2,12
-1,-41,FALSE,TRUE,2,30
-1,-38,FALSE,TRUE,2,60
-1,-37,FALSE,TRUE,2,20
-1,-34,FALSE,TRUE,2,30
-1,-32,FALSE,TRUE,2,12
-1,-31,FALSE,TRUE,2,15
-1,-29,FALSE,TRUE,2,30
-1,-28,FALSE,TRUE,2,20
-1,-26,FALSE,TRUE,2,2
-1,-23,FALSE,TRUE,2,60
-1,-22,FALSE,TRUE,2,60
-1,-19,FALSE,TRUE,2,10
-1,-17,FALSE,TRUE,2,20
-1,-16,FALSE,TRUE,2,15
-1,-14,FALSE,TRUE,2,30
-1,-13,FALSE,TRUE,2,60
-1,-11,FALSE,TRUE,2,30
-1,-8,FALSE,TRUE,2,20
-1,-7,FALSE,TRUE,2,12
-1,-4,FALSE,TRUE,2,30
-1,-2,FALSE,TRUE,2,60
-1,-1,FALSE,TRUE,2,2
-1,1,FALSE,TRUE,2,2
-1,2,FALSE,TRUE,2,60
-1,4,FALSE,TRUE,2,30
-1,7,FALSE,TRUE,2,12
-1,8,FALSE,TRUE,2,20
-1,11,FALSE,TRUE,2,30
-1,13,FALSE,TRUE,2,60
-1,14,FALSE,TRUE,2,15
-1,16,FALSE,TRUE,2,30
-1,17,FALSE,TRUE,2,20
-1,19,FALSE,TRUE,2,10
-1,22,FALSE,TRUE,2,60
-1,23,FALSE,TRUE,2,60
-1,26,FALSE,TRUE,2,2
-1,28,FALSE,TRUE,2,20
-1,29,FALSE,TRUE,2,15
-1,31,FALSE,TRUE,2,30
-1,32,FALSE,TRUE,2,12
-1,34,FALSE,TRUE,2,30
-1,37,FALSE,TRUE,2,20
-1,38,FALSE,TRUE,2,60
-1,41,FALSE,TRUE,2,30
-1,43,FALSE,TRUE,2,12
-1,44,FALSE,TRUE,2,5
-1,46,FALSE,TRUE,2,10
-1,47,FALSE,TRUE,2,60
-1,49,FALSE,TRUE,2,6
-1,52,FALSE,TRUE,2,60
-1,53,FALSE,TRUE,2,20
-1,56,FALSE,TRUE,2,30
-1,58,FALSE,TRUE,2,60
-1,59,FALSE,TRUE,2,15
-1,61,FALSE,TRUE,2,30
-1,62,FALSE,TRUE,2,20
-1,64,FALSE,TRUE,2,10
-1,67,FALSE,TRUE,2,60
-1,68,FALSE,TRUE,2,12
-1,71,FALSE,TRUE,2,10
-1,73,FALSE,TRUE,2,20
-1,74,FALSE,TRUE,2,3
-1,76,FALSE,TRUE,2,6
-1,77,FALSE,TRUE,2,60
-1,79,FALSE,TRUE,2,30
-1,82,FALSE,TRUE,2,4
-1,83,FALSE,TRUE,2,60
-1,86,FALSE,TRUE,2,30
-1,88,FALSE,TRUE,2,60
-1,89,FALSE,TRUE,2,5
-1,91,FALSE,TRUE,2,10
-1,92,FALSE,TRUE,2,60
-1,94,FALSE,TRUE,2,30
-1,97,FALSE,TRUE,2,60
-1,98,FALSE,TRUE,2,20
-1,101,FALSE,TRUE,2,6
-1,103,FALSE,TRUE,2,60
-1,104,FALSE,TRUE,2,15
-1,106,FALSE,TRUE,2,30
-1,107,FALSE,TRUE,2,4
-1,109,FALSE,TRUE,2,10
-1,112,FALSE,TRUE,2,60
-1,113,FALSE,TRUE,2,60
-1,116,FALSE,TRUE,2,10
-1,118,FALSE,TRUE,2,4
-1,119,FALSE,TRUE,2,15
-1,121,FALSE,TRUE,2,30
-1,122,FALSE,TRUE,2,60
-1,124,FALSE,TRUE,2,6
-1,127,FALSE,TRUE,2,20
-1,128,FALSE,TRUE,2,60
-1,131,FALSE,TRUE,2,30
-1,133,FALSE,TRUE,2,60
-1,134,FALSE,TRUE,2,5
-1,136,FALSE,TRUE,2,10
-1,137,FALSE,TRUE,2,60
-1,139,FALSE,TRUE,2,30
-1,142,FALSE,TRUE,2,60
-1,143,FALSE,TRUE,2,4
-1,146,FALSE,TRUE,2,30
-1,148,FALSE,TRUE,2,60
-1,149,FALSE,TRUE,2,3
-1,151,FALSE,TRUE,2,6
-1,152,FALSE,TRUE,2,20
-1,154,FALSE,TRUE,2,10
-1,157,FALSE,TRUE,2,12
-1,158,FALSE,TRUE,2,60
-1,161,FALSE,TRUE,2,10
-1,163,FALSE,TRUE,2,20
-1,164,FALSE,TRUE,2,15
-1,166,FALSE,TRUE,2,30
-1,167,FALSE,TRUE,2,60
-1,169,FALSE,TRUE,2,30
-1,172,FALSE,TRUE,2,20
-1,173,FALSE,TRUE,2,60
-1,176,FALSE,TRUE,2,6
-1,178,FALSE,TRUE,2,60
-1,179,FALSE,TRUE,2,5
-1,181,FALSE,TRUE,2,10
-1,182,FALSE,TRUE,2,12
-1,184,FALSE,TRUE,2,30
-1,187,FALSE,TRUE,2,60
-1,188,FALSE,TRUE,2,20
-1,191,FALSE,TRUE,2,30
-1,193,FALSE,TRUE,2,12
-1,194,FALSE,TRUE,2,15
-1,196,FALSE,TRUE,2,30
-1,197,FALSE,TRUE,2,20
-1,199,FALSE,TRUE,2,2
-1,202,FALSE,TRUE,2,60
-1,203,FALSE,TRUE,2,60
-1,206,FALSE,TRUE,2,10
-1,208,FALSE,TRUE,2,20
-1,209,FALSE,TRUE,2,15
-1,211,FALSE,TRUE,2,30
-1,212,FALSE,TRUE,2,60
-1,214,FALSE,TRUE,2,30
-1,217,FALSE,TRUE,2,20
-1,218,FALSE,TRUE,2,12
-1,221,FALSE,TRUE,2,30
-1,223,FALSE,TRUE,2,60
-1,224,FALSE,TRUE,2,2
1,-224,FALSE,TRUE,2,2
1,-223,FALSE,TRUE,2,60
1,-221,FALSE,TRUE,2,30
1,-218,FALSE,TRUE,2,12
1,-217,FALSE,TRUE,2,20
1,-214,FALSE,TRUE,2,30
1,-212,FALSE,TRUE,2,60
1,-211,FALSE,TRUE,2,30
1,-209,FALSE,TRUE,2,15
1,-208,FALSE,TRUE,2,20
1,-206,FALSE,TRUE,2,10
1,-203,FALSE,TRUE,2,60
1,-202,FALSE,TRUE,2,60
1,-199,FALSE,TRUE,2,2
1,-197,FALSE,TRUE,2,20
1,-196,FALSE,TRUE,2,30
1,-194,FALSE,TRUE,2,15
1,-193,FALSE,TRUE,2,12
1,-191,FALSE,TRUE,2,30
1,-188,FALSE,TRUE,2,20
1,-187,FALSE,TRUE,2,60
1,-184,FALSE,TRUE,2,30
1,-182,FALSE,TRUE,2,12
1,-181,FALSE,TRUE,2,10
1,-179,FALSE,TRUE,2,5
1,-178,FALSE,TRUE,2,60
1,-176,FALSE,TRUE,2,6
1,-173,FALSE,TRUE,2,60
1,-172,FALSE,TRUE,2,20
1,-169,FALSE,TRUE,2,30
1,-167,FALSE,TRUE,2,60
1,-166,FALSE,TRUE,2,30
1,-164,FALSE,TRUE,2,15
1,-163,FALSE,TRUE,2,20
1,-161,FALSE,TRUE,2,10
1,-158,FALSE,TRUE,2,60
1,-157,FALSE,TRUE,2,12
1,-154,FALSE,TRUE,2,10
1,-152,FALSE,TRUE,2,20
1,-151,FALSE,TRUE,2,6
1,-149,FALSE,TRUE,2,3
1,-148,FALSE,TRUE,2,60
1,-146,FALSE,TRUE,2,30
1,-143,FALSE,TRUE,2,4
1,-142,FALSE,TRUE,2,60
1,-139,FALSE,TRUE,2,30
1,-137,FALSE,TRUE,2,60
1,-136,FALSE,TRUE,2,10
1,-134,FALSE,TRUE,2,5
1,-133,FALSE,TRUE,2,60
1,-131,FALSE,TRUE,2,30
1,-128,FALSE,TRUE,2,60
1,-127,FALSE,TRUE,2,20
1,-124,FALSE,TRUE,2,6
1,-122,FALSE,TRUE,2,60
1,-121,FALSE,TRUE,2,30
1,-119,FALSE,TRUE,2,15
1,-118,FALSE,TRUE,2,4
1,-116,FALSE,TRUE,2,10
1,-113,FALSE,TRUE,2,60
1,-112,FALSE,TRUE,2,60
1,-109,FALSE,TRUE,2,10
1,-107,FALSE,TRUE,2,4
1,-106,FALSE,TRUE,2,30
1,-104,FALSE,TRUE,2,15
1,-103,FALSE,TRUE,2,60
1,-101,FALSE,TRUE,2,6
1,-98,FALSE,TRUE,2,20
1,-97,FALSE,TRUE,2,60
1,-94,FALSE,TRUE,2,30
1,-92,FALSE,TRUE,2,60
1,-91,FALSE,TRUE,2,10
1,-89,FALSE,TRUE,2,5
1,-88,FALSE,TRUE,2,60
1,-86,FALSE,TRUE,2,30
1,-83,FALSE,TRUE,2,60
1,-82,FALSE,TRUE,2,4
1,-79,FALSE,TRUE,2,30
1,-77,FALSE,TRUE,2,60
1,-76,FALSE,TRUE,2,6
1,-74,FALSE,TRUE,2,3
1,-73,FALSE,TRUE,2,20
1,-71,FALSE,TRUE,2,10
1,-68,FALSE,TRUE,2,12
1,-67,FALSE,TRUE,2,60
1,-64,FALSE,TRUE,2,10
1,-62,FALSE,TRUE,2,20
1,-61,FALSE,TRUE,2,30
1,-59,FALSE,TRUE,2,15
1,-58,FALSE,TRUE,2,60
1,-56,FALSE,TRUE,2,30
1,-53,FALSE,TRUE,2,20
1,-52,FALSE,TRUE,2,60
1,-49,FALSE,TRUE,2,6
1,-47,FALSE,TRUE,2,60
1,-46,FALSE,TRUE,2,10
1,-44,FALSE,TRUE,2,5
1,-43,FALSE,TRUE,2,12
1,-41,FALSE,TRUE,2,30
1,-38,FALSE,TRUE,2,60
1,-37,FALSE,TRUE,2,20
1,-34,FALSE,TRUE,2,30
1,-32,FALSE,TRUE,2,12
1,-31,FALSE,TRUE,2,30
1,-29,FALSE,TRUE,2,15
1,-28,FALSE,TRUE,2,20
1,-26,FALSE,TRUE,2,2
1,-23,FALSE,TRUE,2,60
1,-22,FALSE,TRUE,2,60
1,-19,FALSE,TRUE,2,10
1,-17,FALSE,TRUE,2,20
1,-16,FALSE,TRUE,2,30
1,-14,FALSE,TRUE,2,15
1,-13,FALSE,TRUE,2,60
1,-11,FALSE,TRUE,2,30
1,-8,FALSE,TRUE,2,20
1,-7,FALSE,TRUE,2,12
1,-4,FALSE,TRUE,2,30
1,-2,FALSE,TRUE,2,60
1,-1,FALSE,TRUE,2,2
1,1,FALSE,TRUE,2,2
1,2,FALSE,TRUE,2,60
1,4,FALSE,TRUE,2,30
1,7,FALSE,TRUE,2,12
1,8,FALSE,TRUE,2,20
1,11,FALSE,TRUE,2,30
1,13,FALSE,TRUE,2,60
1,14,FALSE,TRUE,2,30
1,16,FALSE,TRUE,2,15
1,17,FALSE,TRUE,2,20
1,19,FALSE,TRUE,2,10
1,22,FALSE,TRUE,2,60
1,23,FALSE,TRUE,2,60
1,26,FALSE,TRUE,2,2
1,28,FALSE,TRUE,2,20
1,29,FALSE,TRUE,2,30
1,31,FALSE,TRUE,2,15
1,32,FALSE,TRUE,2,12
1,34,FALSE,TRUE,2,30
1,37,FALSE,TRUE,2,20
1,38,FALSE,TRUE,2,60
1,41,FALSE,TRUE,2,30
1,43,FALSE,TRUE,2,12
1,44,FALSE,TRUE,2,10
1,46,FALSE,TRUE,2,5
1,47,FALSE,TRUE,2,60
1,49,FALSE,TRUE,2,6
1,52,FALSE,TRUE,2,60
1,53,FALSE,TRUE,2,20
1,56,FALSE,TRUE,2,30
1,58,FALSE,TRUE,2,60
1,59,FALSE,TRUE,2,30
1,61,FALSE,TRUE,2,15
1,62,FALSE,TRUE,2,20
1,64,FALSE,TRUE,2,10
1,67,FALSE,TRUE,2,60
1,68,FALSE,TRUE,2,12
1,71,FALSE,TRUE,2,10
1,73,FALSE,TRUE,2,20
1,74,FALSE,TRUE,2,6
1,76,FALSE,TRUE,2,3
1,77,FALSE,TRUE,2,60
1,79,FALSE,TRUE,2,30
1,82,FALSE,TRUE,2,4
1,83,FALSE,TRUE,2,60
1,86,FALSE,TRUE,2,30
1,88,FALSE,TRUE,2,60
1,89,FALSE,TRUE,2,10
1,91,FALSE,TRUE,2,5
1,92,FALSE,TRUE,2,60
1,94,FALSE,TRUE,2,30
1,97,FALSE,TRUE,2,60
1,98,FALSE,TRUE,2,20
1,101,FALSE,TRUE,2,6
1,103,FALSE,TRUE,2,60
1,104,FALSE,TRUE,2,30
1,106,FALSE,TRUE,2,15
1,107,FALSE,TRUE,2,4
1,109,FALSE,TRUE,2,10
1,112,FALSE,TRUE,2,60
1,113,FALSE,TRUE,2,60
1,116,FALSE,TRUE,2,10
1,118,FALSE,TRUE,2,4
1,119,FALSE,TRUE,2,30
1,121,FALSE,TRUE,2,15
1,122,FALSE,TRUE,2,60
1,124,FALSE,TRUE,2,6
1,127,FALSE,TRUE,2,20
1,128,FALSE,TRUE,2,60
1,131,FALSE,TRUE,2,30
1,133,FALSE,TRUE,2,60
1,134,FALSE,TRUE,2,10
1,136,FALSE,TRUE,2,5
1,137,FALSE,TRUE,2,60
1,139,FALSE,TRUE,2,30
1,142,FALSE,TRUE,2,60
1,143,FALSE,TRUE,2,4
1,146,FALSE,TRUE,2,30
1,148,FALSE,TRUE,2,60
1,149,FALSE,TRUE,2,6
1,151,FALSE,TRUE,2,3
1,152,FALSE,TRUE,2,20
1,154,FALSE,TRUE,2,10
1,157,FALSE,TRUE,2,12
1,158,FALSE,TRUE,2,60
1,161,FALSE,TRUE,2,10
1,163,FALSE,TRUE,2,20
1,164,FALSE,TRUE,2,30
1,166,FALSE,TRUE,2,15
1,167,FALSE,TRUE,2,60
1,169,FALSE,TRUE,2,30
1,172,FALSE,TRUE,2,20
1,173,FALSE,TRUE,2,60
1,176,FALSE,TRUE,2,6
1,178,FALSE,TRUE,2,60
1,179,FALSE,TRUE,2,10
1,181,FALSE,TRUE,2,5
1,182,FALSE,TRUE,2,12
1,184,FALSE,TRUE,2,30
1,187,FALSE,TRUE,2,60
1,188,FALSE,TRUE,2,20
1,191,FALSE,TRUE,2,30
1,193,FALSE,TRUE,2,12
1,194,FALSE,TRUE,2,30
1,196,FALSE,TRUE,2,15
1,197,FALSE,TRUE,2,20
1,199,FALSE,TRUE,2,2
1,202,FALSE,TRUE,2,60
1,203,FALSE,TRUE,2,60
1,206,FALSE,TRUE,2,10
1,208,FALSE,TRUE,2,20
1,209,FALSE,TRUE,2,30
1,211,FALSE,TRUE,2,15
1,212,FALSE,TRUE,2,60
1,214,FALSE,TRUE,2,30
1,217,FALSE,TRUE,2,20
1,218,FALSE,TRUE,2,12
1,221,FALSE,TRUE,2,30
1,223,FALSE,TRUE,2,60
1,224,FALSE,TRUE,2,2
2,-1,TRUE,FALSE,1,60
2,1,TRUE,FALSE,1,60
3,-224,FALSE,TRUE,2,24
3,-223,FALSE,TRUE,2,>450
3,-221,FALSE,TRUE,2,>450
3,-218,FALSE,TRUE,2,>450
3,-217,FALSE,TRUE,2,>450
3,-214,FALSE,TRUE,2,>450
3,-212,FALSE,TRUE,2,>450
3,-211,FALSE,TRUE,2,>450
3,-209,FALSE,TRUE,2,>450
3,-208,FALSE,TRUE,2,>450
3,-206,FALSE,TRUE,2,>450
3,-203,FALSE,TRUE,2,>450
3,-202,FALSE,TRUE,2,>450
3,-199,FALSE,TRUE,2,>450
3,-197,FALSE,TRUE,2,>450
3,-196,FALSE,TRUE,2,>450
3,-194,FALSE,TRUE,2,>450
3,-193,FALSE,TRUE,2,>450
3,-191,FALSE,TRUE,2,>450
3,-188,FALSE,TRUE,2,>450
3,-187,FALSE,TRUE,2,>450
3,-184,FALSE,TRUE,2,>450
3,-182,FALSE,TRUE,2,>450
3,-181,FALSE,TRUE,2,>450
3,-179,FALSE,TRUE,2,>450
3,-178,FALSE,TRUE,2,>450
3,-176,FALSE,TRUE,2,>450
3,-173,FALSE,TRUE,2,>450
3,-172,FALSE,TRUE,2,>450
3,-169,FALSE,TRUE,2,>450
3,-167,FALSE,TRUE,2,>450
3,-166,FALSE,TRUE,2,>450
3,-164,FALSE,TRUE,2,>450
3,-163,FALSE,TRUE,2,>450
3,-161,FALSE,TRUE,2,>450
3,-158,FALSE,TRUE,2,>450
3,-157,FALSE,TRUE,2,>450
3,-154,FALSE,TRUE,2,>450
3,-152,FALSE,TRUE,2,>450
3,-151,FALSE,TRUE,2,>450
3,-149,FALSE,TRUE,2,>450
3,-148,FALSE,TRUE,2,>450
3,-146,FALSE,TRUE,2,>450
3,-143,FALSE,TRUE,2,>450
3,-142,FALSE,TRUE,2,>450
3,-139,FALSE,TRUE,2,>450
3,-137,FALSE,TRUE,2,>450
3,-136,FALSE,TRUE,2,>450
3,-134,FALSE,TRUE,2,>450
3,-133,FALSE,TRUE,2,>450
3,-131,FALSE,TRUE,2,>450
3,-128,FALSE,TRUE,2,>450
3,-127,FALSE,TRUE,2,>450
3,-124,FALSE,TRUE,2,>450
3,-122,FALSE,TRUE,2,>450
3,-121,FALSE,TRUE,2,>450
3,-119,FALSE,TRUE,2,>450
3,-118,FALSE,TRUE,2,>450
3,-116,FALSE,TRUE,2,>450
3,-113,FALSE,TRUE,2,>450
3,-112,FALSE,TRUE,2,>450
3,-109,FALSE,TRUE,2,>450
3,-107,FALSE,TRUE,2,>450
3,-106,FALSE,TRUE,2,>450
3,-104,FALSE,TRUE,2,>450
3,-103,FALSE,TRUE,2,>450
3,-101,FALSE,TRUE,2,>450
3,-98,FALSE,TRUE,2,>450
3,-97,FALSE,TRUE,2,>450
3,-94,FALSE,TRUE,2,>450
3,-92,FALSE,TRUE,2,>450
3,-91,FALSE,TRUE,2,>450
3,-89,FALSE,TRUE,2,>450
3,-88,FALSE,TRUE,2,>450
3,-86,FALSE,TRUE,2,>450
3,-83,FALSE,TRUE,2,>450
3,-82,FALSE,TRUE,2,>450
3,-79,FALSE,TRUE,2,>450
3,-77,FALSE,TRUE,2,>450
3,-76,FALSE,TRUE,2,>450
3,-74,FALSE,TRUE,2,>450
3,-73,FALSE,TRUE,2,>450
3,-71,FALSE,TRUE,2,>450
3,-68,FALSE,TRUE,2,>450
3,-67,FALSE,TRUE,2,>450
3,-64,FALSE,TRUE,2,>450
3,-62,FALSE,TRUE,2,>450
3,-61,FALSE,TRUE,2,>450
3,-59,FALSE,TRUE,2,>450
3,-58,FALSE,TRUE,2,>450
3,-56,FALSE,TRUE,2,>450
3,-53,FALSE,TRUE,2,>450
3,-52,FALSE,TRUE,2,>450
3,-49,FALSE,TRUE,2,>450
3,-47,FALSE,TRUE,2,216
3,-46,FALSE,TRUE,2,>450
3,-44,FALSE,TRUE,2,>450
3,-43,FALSE,TRUE,2,>450
3,-41,FALSE,TRUE,2,>450
3,-38,FALSE,TRUE,2,>450
3,-37,FALSE,TRUE,2,>450
3,-34,FALSE,TRUE,2,>450
3,-32,FALSE,TRUE,2,>450
3,-31,FALSE,TRUE,2,>450
3,-29,FALSE,TRUE,2,>450
3,-28,FALSE,TRUE,2,>450
3,-26,FALSE,TRUE,2,>450
3,-23,FALSE,TRUE,2,>450
3,-22,FALSE,TRUE,2,>450
3,-19,FALSE,TRUE,2,>450
3,-17,FALSE,TRUE,2,>450
3,-16,FALSE,TRUE,2,>450
3,-14,FALSE,TRUE,2,>450
3,-13,FALSE,TRUE,2,>450
3,-11,FALSE,TRUE,2,>450
3,-8,FALSE,TRUE,2,>450
3,-7,FALSE,TRUE,2,>450
3,-4,FALSE,TRUE,2,>450
3,-2,FALSE,TRUE,2,>450
3,-1,FALSE,TRUE,2,>450
3,1,FALSE,TRUE,2,24
3,2,FALSE,TRUE,2,>450
3,4,FALSE,TRUE,2,>450
3,7,FALSE,TRUE,2,>450
3,8,FALSE,TRUE,2,>450
3,11,FALSE,TRUE,2,>450
3,13,FALSE,TRUE,2,>450
3,14,FALSE,TRUE,2,>450
3,16,FALSE,TRUE,2,>450
3,17,FALSE,TRUE,2,>450
3,19,FALSE,TRUE,2,>450
3,22,FALSE,TRUE,2,>450
3,23,FALSE,TRUE,2,>450
3,26,FALSE,TRUE,2,>450
3,28,FALSE,TRUE,2,>450
3,29,FALSE,TRUE,2,>450
3,31,FALSE,TRUE,2,>450
3,32,FALSE,TRUE,2,>450
3,34,FALSE,TRUE,2,>450
3,37,FALSE,TRUE,2,>450
3,38,FALSE,TRUE,2,>450
3,41,FALSE,TRUE,2,>450
3,43,FALSE,TRUE,2,>450
3,44,FALSE,TRUE,2,>450
3,46,FALSE,TRUE,2,>450
3,47,FALSE,TRUE,2,>450
3,49,FALSE,TRUE,2,>450
3,52,FALSE,TRUE,2,>450
3,53,FALSE,TRUE,2,>450
3,56,FALSE,TRUE,2,>450
3,58,FALSE,TRUE,2,>450
3,59,FALSE,TRUE,2,>450
3,61,FALSE,TRUE,2,>450
3,62,FALSE,TRUE,2,>450
3,64,FALSE,TRUE,2,>450
3,67,FALSE,TRUE,2,>450
3,68,FALSE,TRUE,2,>450
3,71,FALSE,TRUE,2,>450
3,73,FALSE,TRUE,2,>450
3,74,FALSE,TRUE,2,>450
3,76,FALSE,TRUE,2,>450
3,77,FALSE,TRUE,2,>450
3,79,FALSE,TRUE,2,>450
3,82,FALSE,TRUE,2,>450
3,83,FALSE,TRUE,2,>450
3,86,FALSE,TRUE,2,>450
3,88,FALSE,TRUE,2,>450
3,89,FALSE,TRUE,2,>450
3,91,FALSE,TRUE,2,>450
3,92,FALSE,TRUE,2,>450
3,94,FALSE,TRUE,2,>450
3,97,FALSE,TRUE,2,>450
3,98,FALSE,TRUE,2,>450
3,101,FALSE,TRUE,2,>450
3,103,FALSE,TRUE,2,>450
3,104,FALSE,TRUE,2,>450
3,106,FALSE,TRUE,2,>450
3,107,FALSE,TRUE,2,>450
3,109,FALSE,TRUE,2,>450
3,112,FALSE,TRUE,2,>450
3,113,FALSE,TRUE,2,>450
3,116,FALSE,TRUE,2,>450
3,118,FALSE,TRUE,2,>450
3,119,FALSE,TRUE,2,>450
3,121,FALSE,TRUE,2,>450
3,122,FALSE,TRUE,2,>450
3,124,FALSE,TRUE,2,>450
3,127,FALSE,TRUE,2,>450
3,128,FALSE,TRUE,2,>450
3,131,FALSE,TRUE,2,>450
3,133,FALSE,TRUE,2,>450
3,134,FALSE,TRUE,2,>450
3,136,FALSE,TRUE,2,>450
3,137,FALSE,TRUE,2,>450
3,139,FALSE,TRUE,2,>450
3,142,FALSE,TRUE,2,>450
3,143,FALSE,TRUE,2,>450
3,146,FALSE,TRUE,2,>450
3,148,FALSE,TRUE,2,>450
3,149,FALSE,TRUE,2,>450
3,151,FALSE,TRUE,2,>450
3,152,FALSE,TRUE,2,>450
3,154,FALSE,TRUE,2,>450
3,157,FALSE,TRUE,2,>450
3,158,FALSE,TRUE,2,>450
3,161,FALSE,TRUE,2,>450
3,163,FALSE,TRUE,2,>450
3,164,FALSE,TRUE,2,>450
3,166,FALSE,TRUE,2,>450
3,167,FALSE,TRUE,2,>450
3,169,FALSE,TRUE,2,>450
3,172,FALSE,TRUE,2,>450
3,173,FALSE,TRUE,2,>450
3,176,FALSE,TRUE,2,>450
3,178,FALSE,TRUE,2,216
3,179,FALSE,TRUE,2,>450
3,181,FALSE,TRUE,2,>450
3,182,FALSE,TRUE,2,>450
3,184,FALSE,TRUE,2,>450
3,187,FALSE,TRUE,2,>450
3,188,FALSE,TRUE,2,>450
3,191,FALSE,TRUE,2,>450
3,193,FALSE,TRUE,2,>450
3,194,FALSE,TRUE,2,>450
3,196,FALSE,TRUE,2,>450
3,197,FALSE,TRUE,2,>450
3,199,FALSE,TRUE,2,>450
3,202,FALSE,TRUE,2,>450
3,203,FALSE,TRUE,2,>450
3,206,FALSE,TRUE,2,>450
3,208,FALSE,TRUE,2,>450
3,209,FALSE,TRUE,2,>450
3,211,FALSE,TRUE,2,>450
3,212,FALSE,TRUE,2,>450
3,214,FALSE,TRUE,2,>450
3,217,FALSE,TRUE,2,>450
3,218,FALSE,TRUE,2,>450
3,221,FALSE,TRUE,2,>450
3,223,FALSE,TRUE,2,>450
3,224,FALSE,TRUE,2,>450
4,-1,TRUE,FALSE,1,30
5,-224,FALSE,TRUE,2,24
5,-223,FALSE,TRUE,2,>450
5,-221,FALSE,TRUE,2,>450
5,-218,FALSE,TRUE,2,>450
5,-217,FALSE,TRUE,2,>450
5,-214,FALSE,TRUE,2,>450
5,-212,FALSE,TRUE,2,>450
5,-211,FALSE,TRUE,2,>450
5,-209,FALSE,TRUE,2,>450
5,-208,FALSE,TRUE,2,>450
5,-206,FALSE,TRUE,2,>450
5,-203,FALSE,TRUE,2,>450
5,-202,FALSE,TRUE,2,>450
5,-199,FALSE,TRUE,2,>450
5,-197,FALSE,TRUE,2,>450
5,-196,FALSE,TRUE,2,>450
5,-194,FALSE,TRUE,2,>450
5,-193,FALSE,TRUE,2,>450
5,-191,FALSE,TRUE,2,>450
5,-188,FALSE,TRUE,2,>450
5,-187,FALSE,TRUE,2,>450
5,-184,FALSE,TRUE,2,>450
5,-182,FALSE,TRUE,2,>450
5,-181,FALSE,TRUE,2,>450
5,-179,FALSE,TRUE,2,>450
5,-178,FALSE,TRUE,2,>450
5,-176,FALSE,TRUE,2,>450
5,-173,FALSE,TRUE,2,>450
5,-172,FALSE,TRUE,2,>450
5,-169,FALSE,TRUE,2,>450
5,-167,FALSE,TRUE,2,>450
5,-166,FALSE,TRUE,2,>450
5,-164,FALSE,TRUE,2,>450
5,-163,FALSE,TRUE,2,>450
5,-161,FALSE,TRUE,2,>450
5,-158,FALSE,TRUE,2,>450
5,-157,FALSE,TRUE,2,>450
5,-154,FALSE,TRUE,2,>450
5,-152,FALSE,TRUE,2,>450
5,-151,FALSE,TRUE,2,>450
5,-149,FALSE,TRUE,2,>450
5,-148,FALSE,TRUE,2,>450
5,-146,FALSE,TRUE,2,>450
5,-143,FALSE,TRUE,2,>450
5,-142,FALSE,TRUE,2,>450
5,-139,FALSE,TRUE,2,>450
5,-137,FALSE,TRUE,2,>450
5,-136,FALSE,TRUE,2,>450
5,-134,FALSE,TRUE,2,>450
5,-133,FALSE,TRUE,2,>450
5,-131,FALSE,TRUE,2,>450
5,-128,FALSE,TRUE,2,>450
5,-127,FALSE,TRUE,2,>450
5,-124,FALSE,TRUE,2,>450
5,-122,FALSE,TRUE,2,>450
5,-121,FALSE,TRUE,2,>450
5,-119,FALSE,TRUE,2,>450
5,-118,FALSE,TRUE,2,>450
5,-116,FALSE,TRUE,2,>450
5,-113,FALSE,TRUE,2,>450
5,-112,FALSE,TRUE,2,>450
5,-109,FALSE,TRUE,2,>450
5,-107,FALSE,TRUE,2,>450
5,-106,FALSE,TRUE,2,>450
5,-104,FALSE,TRUE,2,>450
5,-103,FALSE,TRUE,2,>450
5,-101,FALSE,TRUE,2,>450
5,-98,FALSE,TRUE,2,>450
5,-97,FALSE,TRUE,2,>450
5,-94,FALSE,TRUE,2,>450
5,-92,FALSE,TRUE,2,>450
5,-91,FALSE,TRUE,2,>450
5,-89,FALSE,TRUE,2,>450
5,-88,FALSE,TRUE,2,>450
5,-86,FALSE,TRUE,2,>450
5,-83,FALSE,TRUE,2,>450
5,-82,FALSE,TRUE,2,>450
5,-79,FALSE,TRUE,2,>450
5,-77,FALSE,TRUE,2,>450
5,-76,FALSE,TRUE,2,>450
5,-74,FALSE,TRUE,2,>450
5,-73,FALSE,TRUE,2,>450
5,-71,FALSE,TRUE,2,>450
5,-68,FALSE,TRUE,2,>450
5,-67,FALSE,TRUE,2,>450
5,-64,FALSE,TRUE,2,>450
5,-62,FALSE,TRUE,2,>450
5,-61,FALSE,TRUE,2,>450
5,-59,FALSE,TRUE,2,>450
5,-58,FALSE,TRUE,2,>450
5,-56,FALSE,TRUE,2,>450
5,-53,FALSE,TRUE,2,>450
5,-52,FALSE,TRUE,2,>450
5,-49,FALSE,TRUE,2,>450
5,-47,FALSE,TRUE,2,>450
5,-46,FALSE,TRUE,2,216
5,-44,FALSE,TRUE,2,196
5,-43,FALSE,TRUE,2,>450
5,-41,FALSE,TRUE,2,>450
5,-38,FALSE,TRUE,2,>450
5,-37,FALSE,TRUE,2,>450
5,-34,FALSE,TRUE,2,>450
5,-32,FALSE,TRUE,2,>450
5,-31,FALSE,TRUE,2,223
5,-29,FALSE,TRUE,2,>450
5,-28,FALSE,TRUE,2,>450
5,-26,FALSE,TRUE,2,>450
5,-23,FALSE,TRUE,2,>450
5,-22,FALSE,TRUE,2,>450
5,-19,FALSE,TRUE,2,>450
5,-17,FALSE,TRUE,2,>450
5,-16,FALSE,TRUE,2,>450
5,-14,FALSE,TRUE,2,>450
5,-13,FALSE,TRUE,2,>450
5,-11,FALSE,TRUE,2,>450
5,-8,FALSE,TRUE,2,>450
5,-7,FALSE,TRUE,2,>450
5,-4,FALSE,TRUE,2,>450
5,-2,FALSE,TRUE,2,>450
5,-1,FALSE,TRUE,2,>450
5,1,FALSE,TRUE,2,24
5,2,FALSE,TRUE,2,>450
5,4,FALSE,TRUE,2,>450
5,7,FALSE,TRUE,2,>450
5,8,FALSE,TRUE,2,>450
5,11,FALSE,TRUE,2,>450
5,13,FALSE,TRUE,2,>450
5,14,FALSE,TRUE,2,>450
5,16,FALSE,TRUE,2,>450
5,17,FALSE,TRUE,2,>450
5,19,FALSE,TRUE,2,>450
5,22,FALSE,TRUE,2,>450
5,23,FALSE,TRUE,2,>450
5,26,FALSE,TRUE,2,>450
5,28,FALSE,TRUE,2,>450
5,29,FALSE,TRUE,2,>450
5,31,FALSE,TRUE,2,>450
5,32,FALSE,TRUE,2,>450
5,34,FALSE,TRUE,2,>450
5,37,FALSE,TRUE,2,>450
5,38,FALSE,TRUE,2,>450
5,41,FALSE,TRUE,2,>450
5,43,FALSE,TRUE,2,>450
5,44,FALSE,TRUE,2,>450
5,46,FALSE,TRUE,2,>450
5,47,FALSE,TRUE,2,>450
5,49,FALSE,TRUE,2,>450
5,52,FALSE,TRUE,2,>450
5,53,FALSE,TRUE,2,>450
5,56,FALSE,TRUE,2,>450
5,58,FALSE,TRUE,2,>450
5,59,FALSE,TRUE,2,>450
5,61,FALSE,TRUE,2,>450
5,62,FALSE,TRUE,2,>450
5,64,FALSE,TRUE,2,>450
5,67,FALSE,TRUE,2,>450
5,68,FALSE,TRUE,2,>450
5,71,FALSE,TRUE,2,>450
5,73,FALSE,TRUE,2,>450
5,74,FALSE,TRUE,2,>450
5,76,FALSE,TRUE,2,>450
5,77,FALSE,TRUE,2,>450
5,79,FALSE,TRUE,2,>450
5,82,FALSE,TRUE,2,>450
5,83,FALSE,TRUE,2,>450
5,86,FALSE,TRUE,2,>450
5,88,FALSE,TRUE,2,>450
5,89,FALSE,TRUE,2,>450
5,91,FALSE,TRUE,2,>450
5,92,FALSE,TRUE,2,>450
5,94,FALSE,TRUE,2,>450
5,97,FALSE,TRUE,2,>450
5,98,FALSE,TRUE,2,>450
5,101,FALSE,TRUE,2,>450
5,103,FALSE,TRUE,2,>450
5,104,FALSE,TRUE,2,>450
5,106,FALSE,TRUE,2,>450
5,107,FALSE,TRUE,2,>450
5,109,FALSE,TRUE,2,>450
5,112,FALSE,TRUE,2,>450
5,113,FALSE,TRUE,2,>450
5,116,FALSE,TRUE,2,>450
5,118,FALSE,TRUE,2,>450
5,119,FALSE,TRUE,2,>450
5,121,FALSE,TRUE,2,>450
5,122,FALSE,TRUE,2,>450
5,124,FALSE,TRUE,2,>450
5,127,FALSE,TRUE,2,>450
5,128,FALSE,TRUE,2,>450
5,131,FALSE,TRUE,2,>450
5,133,FALSE,TRUE,2,>450
5,134,FALSE,TRUE,2,>450
5,136,FALSE,TRUE,2,>450
5,137,FALSE,TRUE,2,>450
5,139,FALSE,TRUE,2,>450
5,142,FALSE,TRUE,2,>450
5,143,FALSE,TRUE,2,>450
5,146,FALSE,TRUE,2,>450
5,148,FALSE,TRUE,2,>450
5,149,FALSE,TRUE,2,>450
5,151,FALSE,TRUE,2,>450
5,152,FALSE,TRUE,2,>450
5,154,FALSE,TRUE,2,>450
5,157,FALSE,TRUE,2,>450
5,158,FALSE,TRUE,2,>450
5,161,FALSE,TRUE,2,>450
5,163,FALSE,TRUE,2,>450
5,164,FALSE,TRUE,2,>450
5,166,FALSE,TRUE,2,>450
5,167,FALSE,TRUE,2,>450
5,169,FALSE,TRUE,2,>450
5,172,FALSE,TRUE,2,>450
5,173,FALSE,TRUE,2,>450
5,176,FALSE,TRUE,2,>450
5,178,FALSE,TRUE,2,>450
5,179,FALSE,TRUE,2,216
5,181,FALSE,TRUE,2,196
5,182,FALSE,TRUE,2,>450
5,184,FALSE,TRUE,2,>450
5,187,FALSE,TRUE,2,>450
5,188,FALSE,TRUE,2,>450
5,191,FALSE,TRUE,2,>450
5,193,FALSE,TRUE,2,>450
5,194,FALSE,TRUE,2,223
5,196,FALSE,TRUE,2,>450
5,197,FALSE,TRUE,2,>450
5,199,FALSE,TRUE,2,>450
5,202,FALSE,TRUE,2,>450
5,203,FALSE,TRUE,2,>450
5,206,FALSE,TRUE,2,>450
5,208,FALSE,TRUE,2,>450
5,209,FALSE,TRUE,2,>450
5,211,FALSE,TRUE,2,>450
5,212,FALSE,TRUE,2,>450
5,214,FALSE,TRUE,2,>450
5,217,FALSE,TRUE,2,>450
5,218,FALSE,TRUE,2,>450
5,221,FALSE,TRUE,2,>450
5,223,FALSE,TRUE,2,>450
5,224,FALSE,TRUE,2,>450
6,-3,TRUE,FALSE,1,20
6,3,TRUE,FALSE,1,60
7,-1,TRUE,FALSE,1,12
8,-1,TRUE,FALSE,1,20
8,7,TRUE,FALSE,1,30
9,-224,FALSE,TRUE,2,12
9,-223,FALSE,TRUE,2,>450
9,-222,FALSE,TRUE,2,>450
9,-221,FALSE,TRUE,2,>450
9,-219,FALSE,TRUE,2,>450
9,-218,FALSE,TRUE,2,>450
9,-217,FALSE,TRUE,2,>450
9,-216,FALSE,TRUE,2,75
9,-214,FALSE,TRUE,2,>450
9,-213,FALSE,TRUE,2,>450
9,-212,FALSE,TRUE,2,>450
9,-211,FALSE,TRUE,2,223
9,-209,FALSE,TRUE,2,>450
9,-208,FALSE,TRUE,2,>450
9,-207,FALSE,TRUE,2,60
9,-206,FALSE,TRUE,2,>450
9,-204,FALSE,TRUE,2,>450
9,-203,FALSE,TRUE,2,222
9,-202,FALSE,TRUE,2,>450
9,-201,FALSE,TRUE,2,>450
9,-199,FALSE,TRUE,2,>450
9,-198,FALSE,TRUE,2,60
9,-197,FALSE,TRUE,2,>450
9,-196,FALSE,TRUE,2,>450
9,-194,FALSE,TRUE,2,>450
9,-193,FALSE,TRUE,2,>450
9,-192,FALSE,TRUE,2,>450
9,-191,FALSE,TRUE,2,420
9,-189,FALSE,TRUE,2,30
9,-188,FALSE,TRUE,2,>450
9,-187,FALSE,TRUE,2,>450
9,-186,FALSE,TRUE,2,>450
9,-184,FALSE,TRUE,2,>450
9,-183,FALSE,TRUE,2,>450
9,-182,FALSE,TRUE,2,>450
9,-181,FALSE,TRUE,2,>450
9,-179,FALSE,TRUE,2,>450
9,-178,FALSE,TRUE,2,>450
9,-177,FALSE,TRUE,2,>450
9,-176,FALSE,TRUE,2,>450
9,-174,FALSE,TRUE,2,>450
9,-173,FALSE,TRUE,2,>450
9,-172,FALSE,TRUE,2,>450
9,-171,FALSE,TRUE,2,75
9,-169,FALSE,TRUE,2,>450
9,-168,FALSE,TRUE,2,>450
9,-167,FALSE,TRUE,2,>450
9,-166,FALSE,TRUE,2,>450
9,-164,FALSE,TRUE,2,>450
9,-163,FALSE,TRUE,2,>450
9,-162,FALSE,TRUE,2,12
9,-161,FALSE,TRUE,2,>450
9,-159,FALSE,TRUE,2,>450
9,-158,FALSE,TRUE,2,>450
9,-157,FALSE,TRUE,2,>450
9,-156,FALSE,TRUE,2,>450
9,-154,FALSE,TRUE,2,>450
9,-153,FALSE,TRUE,2,60
9,-152,FALSE,TRUE,2,>450
9,-151,FALSE,TRUE,2,>450
9,-149,FALSE,TRUE,2,>450
9,-148,FALSE,TRUE,2,>450
9,-147,FALSE,TRUE,2,>450
9,-146,FALSE,TRUE,2,>450
9,-144,FALSE,TRUE,2,30
9,-143,FALSE,TRUE,2,148
9,-142,FALSE,TRUE,2,>450
9,-141,FALSE,TRUE,2,>450
9,-139,FALSE,TRUE,2,>450
9,-138,FALSE,TRUE,2,>450
9,-137,FALSE,TRUE,2,>450
9,-136,FALSE,TRUE,2,>450
9,-134,FALSE,TRUE,2,>450
9,-133,FALSE,TRUE,2,>450
9,-132,FALSE,TRUE,2,>450
9,-131,FALSE,TRUE,2,>450
9,-129,FALSE,TRUE,2,>450
9,-128,FALSE,TRUE,2,>450
9,-127,FALSE,TRUE,2,>450
9,-126,FALSE,TRUE,2,75
9,-124,FALSE,TRUE,2,>450
9,-123,FALSE,TRUE,2,>450
9,-122,FALSE,TRUE,2,>450
9,-121,FALSE,TRUE,2,>450
9,-119,FALSE,TRUE,2,>450
9,-118,FALSE,TRUE,2,>450
9,-117,FALSE,TRUE,2,60
9,-116,FALSE,TRUE,2,>450
9,-114,FALSE,TRUE,2,>450
9,-113,FALSE,TRUE,2,>450
9,-112,FALSE,TRUE,2,>450
9,-111,FALSE,TRUE,2,>450
9,-109,FALSE,TRUE,2,>450
9,-108,FALSE,TRUE,2,60
9,-107,FALSE,TRUE,2,>450
9,-106,FALSE,TRUE,2,>450
9,-104,FALSE,TRUE,2,>450
9,-103,FALSE,TRUE,2,216
9,-102,FALSE,TRUE,2,>450
9,-101,FALSE,TRUE,2,>450
9,-99,FALSE,TRUE,2,30
9,-98,FALSE,TRUE,2,>450
9,-97,FALSE,TRUE,2,>450
9,-96,FALSE,TRUE,2,>450
9,-94,FALSE,TRUE,2,>450
9,-93,FALSE,TRUE,2,>450
9,-92,FALSE,TRUE,2,>450
9,-91,FALSE,TRUE,2,>450
9,-89,FALSE,TRUE,2,>450
9,-88,FALSE,TRUE,2,>450
9,-87,FALSE,TRUE,2,>450
9,-86,FALSE,TRUE,2,>450
9,-84,FALSE,TRUE,2,>450
9,-83,FALSE,TRUE,2,>450
9,-82,FALSE,TRUE,2,>450
9,-81,FALSE,TRUE,2,75
9,-79,FALSE,TRUE,2,>450
9,-78,FALSE,TRUE,2,>450
9,-77,FALSE,TRUE,2,>450
9,-76,FALSE,TRUE,2,223
9,-74,FALSE,TRUE,2,>450
9,-73,FALSE,TRUE,2,>450
9,-72,FALSE,TRUE,2,60
9,-71,FALSE,TRUE,2,>450
9,-69,FALSE,TRUE,2,>450
9,-68,FALSE,TRUE,2,220
9,-67,FALSE,TRUE,2,>450
9,-66,FALSE,TRUE,2,>450
9,-64,FALSE,TRUE,2,>450
9,-63,FALSE,TRUE,2,12
9,-62,FALSE,TRUE,2,>450
9,-61,FALSE,TRUE,2,>450
9,-59,FALSE,TRUE,2,>450
9,-58,FALSE,TRUE,2,>450
9,-57,FALSE,TRUE,2,>450
9,-56,FALSE,TRUE,2,>450
9,-54,FALSE,TRUE,2,30
9,-53,FALSE,TRUE,2,>450
9,-52,FALSE,TRUE,2,>450
9,-51,FALSE,TRUE,2,>450
9,-49,FALSE,TRUE,2,>450
9,-48,FALSE,TRUE,2,>450
9,-47,FALSE,TRUE,2,>450
9,-46,FALSE,TRUE,2,>450
9,-44,FALSE,TRUE,2,>450
9,-43,FALSE,TRUE,2,>450
9,-42,FALSE,TRUE,2,>450
9,-41,FALSE,TRUE,2,>450
9,-39,FALSE,TRUE,2,>450
9,-38,FALSE,TRUE,2,>450
9,-37,FALSE,TRUE,2,>450
9,-36,FALSE,TRUE,2,75
9,-34,FALSE,TRUE,2,>450
9,-33,FALSE,TRUE,2,>450
9,-32,FALSE,TRUE,2,>450
9,-31,FALSE,TRUE,2,>450
9,-29,FALSE,TRUE,2,>450
9,-28,FALSE,TRUE,2,>450
9,-27,FALSE,TRUE,2,60
9,-26,FALSE,TRUE,2,>450
9,-24,FALSE,TRUE,2,>450
9,-23,FALSE,TRUE,2,>450
9,-22,FALSE,TRUE,2,>450
9,-21,FALSE,TRUE,2,>450
9,-19,FALSE,TRUE,2,223
9,-18,FALSE,TRUE,2,60
9,-17,FALSE,TRUE,2,>450
9,-16,FALSE,TRUE,2,>450
9,-14,FALSE,TRUE,2,>450
9,-13,FALSE,TRUE,2,>450
9,-12,FALSE,TRUE,2,>450
9,-11,FALSE,TRUE,2,>450
9,-9,FALSE,TRUE,2,6
9,-8,FALSE,TRUE,2,>450
9,-7,FALSE,TRUE,2,>450
9,-6,FALSE,TRUE,2,>450
9,-4,FALSE,TRUE,2,>450
9,-3,FALSE,TRUE,2,>450
9,-2,FALSE,TRUE,2,>450
9,-1,FALSE,TRUE,2,>450
9,1,FALSE,TRUE,2,12
9,2,FALSE,TRUE,2,>450
9,3,FALSE,TRUE,2,>450
9,4,FALSE,TRUE,2,>450
9,6,FALSE,TRUE,2,>450
9,7,FALSE,TRUE,2,>450
9,8,FALSE,TRUE,2,>450
9,9,FALSE,TRUE,2,75
9,11,FALSE,TRUE,2,>450
9,12,FALSE,TRUE,2,>450
9,13,FALSE,TRUE,2,>450
9,14,FALSE,TRUE,2,223
9,16,FALSE,TRUE,2,>450
9,17,FALSE,TRUE,2,>450
9,18,FALSE,TRUE,2,60
9,19,FALSE,TRUE,2,>450
9,21,FALSE,TRUE,2,>450
9,22,FALSE,TRUE,2,222
9,23,FALSE,TRUE,2,>450
9,24,FALSE,TRUE,2,>450
9,26,FALSE,TRUE,2,>450
9,27,FALSE,TRUE,2,60
9,28,FALSE,TRUE,2,>450
9,29,FALSE,TRUE,2,>450
9,31,FALSE,TRUE,2,>450
9,32,FALSE,TRUE,2,>450
9,33,FALSE,TRUE,2,>450
9,34,FALSE,TRUE,2,420
9,36,FALSE,TRUE,2,30
9,37,FALSE,TRUE,2,>450
9,38,FALSE,TRUE,2,>450
9,39,FALSE,TRUE,2,>450
9,41,FALSE,TRUE,2,>450
9,42,FALSE,TRUE,2,>450
9,43,FALSE,TRUE,2,>450
9,44,FALSE,TRUE,2,>450
9,46,FALSE,TRUE,2,>450
9,47,FALSE,TRUE,2,>450
9,48,FALSE,TRUE,2,>450
9,49,FALSE,TRUE,2,>450
9,51,FALSE,TRUE,2,>450
9,52,FALSE,TRUE,2,>450
9,53,FALSE,TRUE,2,>450
9,54,FALSE,TRUE,2,75
9,56,FALSE,TRUE,2,>450
9,57,FALSE,TRUE,2,>450
9,58,FALSE,TRUE,2,>450
9,59,FALSE,TRUE,2,>450
9,61,FALSE,TRUE,2,>450
9,62,FALSE,TRUE,2,>450
9,63,FALSE,TRUE,2,12
9,64,FALSE,TRUE,2,>450
9,66,FALSE,TRUE,2,>450
9,67,FALSE,TRUE,2,>450
9,68,FALSE,TRUE,2,>450
9,69,FALSE,TRUE,2,>450
9,71,FALSE,TRUE,2,>450
9,72,FALSE,TRUE,2,60
9,73,FALSE,TRUE,2,>450
9,74,FALSE,TRUE,2,>450
9,76,FALSE,TRUE,2,>450
9,77,FALSE,TRUE,2,>450
9,78,FALSE,TRUE,2,>450
9,79,FALSE,TRUE,2,>450
9,81,FALSE,TRUE,2,30
9,82,FALSE,TRUE,2,148
9,83,FALSE,TRUE,2,>450
9,84,FALSE,TRUE,2,>450
9,86,FALSE,TRUE,2,>450
9,87,FALSE,TRUE,2,>450
9,88,FALSE,TRUE,2,>450
9,89,FALSE,TRUE,2,>450
9,91,FALSE,TRUE,2,>450
9,92,FALSE,TRUE,2,>450
9,93,FALSE,TRUE,2,>450
9,94,FALSE,TRUE,2,>450
9,96,FALSE,TRUE,2,>450
9,97,FALSE,TRUE,2,>450
9,98,FALSE,TRUE,2,>450
9,99,FALSE,TRUE,2,75
9,101,FALSE,TRUE,2,>450
9,102,FALSE,TRUE,2,>450
9,103,FALSE,TRUE,2,>450
9,104,FALSE,TRUE,2,>450
9,106,FALSE,TRUE,2,>450
9,107,FALSE,TRUE,2,>450
9,108,FALSE,TRUE,2,60
9,109,FALSE,TRUE,2,>450
9,111,FALSE,TRUE,2,>450
9,112,FALSE,TRUE,2,>450
9,113,FALSE,TRUE,2,>450
9,114,FALSE,TRUE,2,>450
9,116,FALSE,TRUE,2,>450
9,117,FALSE,TRUE,2,60
9,118,FALSE,TRUE,2,>450
9,119,FALSE,TRUE,2,>450
9,121,FALSE,TRUE,2,>450
9,122,FALSE,TRUE,2,216
9,123,FALSE,TRUE,2,>450
9,124,FALSE,TRUE,2,>450
9,126,FALSE,TRUE,2,30
9,127,FALSE,TRUE,2,>450
9,128,FALSE,TRUE,2,>450
9,129,FALSE,TRUE,2,>450
9,131,FALSE,TRUE,2,>450
9,132,FALSE,TRUE,2,>450
9,133,FALSE,TRUE,2,>450
9,134,FALSE,TRUE,2,>450
9,136,FALSE,TRUE,2,>450
9,137,FALSE,TRUE,2,>450
9,138,FALSE,TRUE,2,>450
9,139,FALSE,TRUE,2,>450
9,141,FALSE,TRUE,2,>450
9,142,FALSE,TRUE,2,>450
9,143,FALSE,TRUE,2,>450
9,144,FALSE,TRUE,2,75
9,146,FALSE,TRUE,2,>450
9,147,FALSE,TRUE,2,>450
9,148,FALSE,TRUE,2,>450
9,149,FALSE,TRUE,2,223
9,151,FALSE,TRUE,2,>450
9,152,FALSE,TRUE,2,>450
9,153,FALSE,TRUE,2,60
9,154,FALSE,TRUE,2,>450
9,156,FALSE,TRUE,2,>450
9,157,FALSE,TRUE,2,220
9,158,FALSE,TRUE,2,>450
9,159,FALSE,TRUE,2,>450
9,161,FALSE,TRUE,2,>450
9,162,FALSE,TRUE,2,12
9,163,FALSE,TRUE,2,>450
9,164,FALSE,TRUE,2,>450
9,166,FALSE,TRUE,2,>450
9,167,FALSE,TRUE,2,>450
9,168,FALSE,TRUE,2,>450
9,169,FALSE,TRUE,2,>450
9,171,FALSE,TRUE,2,30
9,172,FALSE,TRUE,2,>450
9,173,FALSE,TRUE,2,>450
9,174,FALSE,TRUE,2,>450
9,176,FALSE,TRUE,2,>450
9,177,FALSE,TRUE,2,>450
9,178,FALSE,TRUE,2,>450
9,179,FALSE,TRUE,2,>450
9,181,FALSE,TRUE,2,>450
9,182,FALSE,TRUE,2,>450
9,183,FALSE,TRUE,2,>450
9,184,FALSE,TRUE,2,>450
9,186,FALSE,TRUE,2,>450
9,187,FALSE,TRUE,2,>450
9,188,FALSE,TRUE,2,>450
9,189,FALSE,TRUE,2,75
9,191,FALSE,TRUE,2,>450
9,192,FALSE,TRUE,2,>450
9,193,FALSE,TRUE,2,>450
9,194,FALSE,TRUE,2,>450
9,196,FALSE,TRUE,2,>450
9,197,FALSE,TRUE,2,>450
9,198,FALSE,TRUE,2,60
9,199,FALSE,TRUE,2,>450
9,201,FALSE,TRUE,2,>450
9,202,FALSE,TRUE,2,>450
9,203,FALSE,TRUE,2,>450
9,204,FALSE,TRUE,2,>450
9,206,FALSE,TRUE,2,223
9,207,FALSE,TRUE,2,60
9,208,FALSE,TRUE,2,>450
9,209,FALSE,TRUE,2,>450
9,211,FALSE,TRUE,2,>450
9,212,FALSE,TRUE,2,>450
9,213,FALSE,TRUE,2,>450
9,214,FALSE,TRUE,2,>450
9,216,FALSE,TRUE,2,6
9,217,FALSE,TRUE,2,>450
9,218,FALSE,TRUE,2,>450
9,219,FALSE,TRUE,2,>450
9,221,FALSE,TRUE,2,>450
9,222,FALSE,TRUE,2,>450
9,223,FALSE,TRUE,2,>450
9,224,FALSE,TRUE,2,>450
10,-5,TRUE,FALSE,1,60
10,5,TRUE,FALSE,1,60
12,3,TRUE,FALSE,1,10
13,-4,TRUE,FALSE,1,20
14,-1,TRUE,FALSE,1,15
14,13,TRUE,FALSE,1,20
15,-224,FALSE,TRUE,2,2
15,-223,FALSE,TRUE,2,>450
15,-221,FALSE,TRUE,2,>450
15,-218,FALSE,TRUE,2,>450
15,-217,FALSE,TRUE,2,>450
15,-214,FALSE,TRUE,2,>450
15,-212,FALSE,TRUE,2,>450
15,-211,FALSE,TRUE,2,210
15,-209,FALSE,TRUE,2,40
15,-208,FALSE,TRUE,2,>450
15,-206,FALSE,TRUE,2,>450
15,-203,FALSE,TRUE,2,>450
15,-202,FALSE,TRUE,2,>450
15,-199,FALSE,TRUE,2,>450
15,-197,FALSE,TRUE,2,>450
15,-196,FALSE,TRUE,2,>450
15,-194,FALSE,TRUE,2,24
15,-193,FALSE,TRUE,2,>450
15,-191,FALSE,TRUE,2,>450
15,-188,FALSE,TRUE,2,216
15,-187,FALSE,TRUE,2,>450
15,-184,FALSE,TRUE,2,>450
15,-182,FALSE,TRUE,2,>450
15,-181,FALSE,TRUE,2,>450
15,-179,FALSE,TRUE,2,12
15,-178,FALSE,TRUE,2,>450
15,-176,FALSE,TRUE,2,>450
15,-173,FALSE,TRUE,2,>450
15,-172,FALSE,TRUE,2,>450
15,-169,FALSE,TRUE,2,>450
15,-167,FALSE,TRUE,2,>450
15,-166,FALSE,TRUE,2,>450
15,-164,FALSE,TRUE,2,40
15,-163,FALSE,TRUE,2,>450
15,-161,FALSE,TRUE,2,364
15,-158,FALSE,TRUE,2,220
15,-157,FALSE,TRUE,2,>450
15,-154,FALSE,TRUE,2,>450
15,-152,FALSE,TRUE,2,>450
15,-151,FALSE,TRUE,2,>450
15,-149,FALSE,TRUE,2,8
15,-148,FALSE,TRUE,2,>450
15,-146,FALSE,TRUE,2,>450
15,-143,FALSE,TRUE,2,>450
15,-142,FALSE,TRUE,2,>450
15,-139,FALSE,TRUE,2,>450
15,-137,FALSE,TRUE,2,210
15,-136,FALSE,TRUE,2,>450
15,-134,FALSE,TRUE,2,20
15,-133,FALSE,TRUE,2,>450
15,-131,FALSE,TRUE,2,>450
15,-128,FALSE,TRUE,2,>450
15,-127,FALSE,TRUE,2,>450
15,-124,FALSE,TRUE,2,>450
15,-122,FALSE,TRUE,2,>450
15,-121,FALSE,TRUE,2,>450
15,-119,FALSE,TRUE,2,24
15,-118,FALSE,TRUE,2,>450
15,-116,FALSE,TRUE,2,>450
15,-113,FALSE,TRUE,2,>450
15,-112,FALSE,TRUE,2,>450
15,-109,FALSE,TRUE,2,>450
15,-107,FALSE,TRUE,2,>450
15,-106,FALSE,TRUE,2,>450
15,-104,FALSE,TRUE,2,24
15,-103,FALSE,TRUE,2,>450
15,-101,FALSE,TRUE,2,>450
15,-98,FALSE,TRUE,2,>450
15,-97,FALSE,TRUE,2,>450
15,-94,FALSE,TRUE,2,>450
15,-92,FALSE,TRUE,2,>450
15,-91,FALSE,TRUE,2,>450
15,-89,FALSE,TRUE,2,20
15,-88,FALSE,TRUE,2,>450
15,-86,FALSE,TRUE,2,438
15,-83,FALSE,TRUE,2,>450
15,-82,FALSE,TRUE,2,>450
15,-79,FALSE,TRUE,2,>450
15,-77,FALSE,TRUE,2,>450
15,-76,FALSE,TRUE,2,>450
15,-74,FALSE,TRUE,2,8
15,-73,FALSE,TRUE,2,>450
15,-71,FALSE,TRUE,2,>450
15,-68,FALSE,TRUE,2,>450
15,-67,FALSE,TRUE,2,>450
15,-64,FALSE,TRUE,2,223
15,-62,FALSE,TRUE,2,>450
15,-61,FALSE,TRUE,2,132
15,-59,FALSE,TRUE,2,40
15,-58,FALSE,TRUE,2,>450
15,-56,FALSE,TRUE,2,>450
15,-53,FALSE,TRUE,2,>450
15,-52,FALSE,TRUE,2,>450
15,-49,FALSE,TRUE,2,>450
15,-47,FALSE,TRUE,2,>450
15,-46,FALSE,TRUE,2,>450
15,-44,FALSE,TRUE,2,12
15,-43,FALSE,TRUE,2,>450
15,-41,FALSE,TRUE,2,>450
15,-38,FALSE,TRUE,2,>450
15,-37,FALSE,TRUE,2,>450
15,-34,FALSE,TRUE,2,>450
15,-32,FALSE,TRUE,2,>450
15,-31,FALSE,TRUE,2,>450
15,-29,FALSE,TRUE,2,24
15,-28,FALSE,TRUE,2,>450
15,-26,FALSE,TRUE,2,>450
15,-23,FALSE,TRUE,2,>450
15,-22,FALSE,TRUE,2,>450
15,-19,FALSE,TRUE,2,>450
15,-17,FALSE,TRUE,2,>450
15,-16,FALSE,TRUE,2,123
15,-14,FALSE,TRUE,2,40
15,-13,FALSE,TRUE,2,>450
15,-11,FALSE,TRUE,2,>450
15,-8,FALSE,TRUE,2,>450
15,-7,FALSE,TRUE,2,>450
15,-4,FALSE,TRUE,2,>450
15,-2,FALSE,TRUE,2,>450
15,-1,FALSE,TRUE,2,220
15,1,FALSE,TRUE,2,2
15,2,FALSE,TRUE,2,>450
15,4,FALSE,TRUE,2,>450
15,7,FALSE,TRUE,2,>450
15,8,FALSE,TRUE,2,>450
15,11,FALSE,TRUE,2,>450
15,13,FALSE,TRUE,2,>450
15,14,FALSE,TRUE,2,210
15,16,FALSE,TRUE,2,40
15,17,FALSE,TRUE,2,>450
15,19,FALSE,TRUE,2,>450
15,22,FALSE,TRUE,2,>450
15,23,FALSE,TRUE,2,>450
15,26,FALSE,TRUE,2,>450
15,28,FALSE,TRUE,2,>450
15,29,FALSE,TRUE,2,>450
15,31,FALSE,TRUE,2,24
15,32,FALSE,TRUE,2,>450
15,34,FALSE,TRUE,2,>450
15,37,FALSE,TRUE,2,216
15,38,FALSE,TRUE,2,>450
15,41,FALSE,TRUE,2,>450
15,43,FALSE,TRUE,2,>450
15,44,FALSE,TRUE,2,>450
15,46,FALSE,TRUE,2,12
15,47,FALSE,TRUE,2,>450
15,49,FALSE,TRUE,2,>450
15,52,FALSE,TRUE,2,>450
15,53,FALSE,TRUE,2,>450
15,56,FALSE,TRUE,2,>450
15,58,FALSE,TRUE,2,>450
15,59,FALSE,TRUE,2,>450
15,61,FALSE,TRUE,2,40
15,62,FALSE,TRUE,2,>450
15,64,FALSE,TRUE,2,364
15,67,FALSE,TRUE,2,220
15,68,FALSE,TRUE,2,>450
15,71,FALSE,TRUE,2,>450
15,73,FALSE,TRUE,2,>450
15,74,FALSE,TRUE,2,>450
15,76,FALSE,TRUE,2,8
15,77,FALSE,TRUE,2,>450
15,79,FALSE,TRUE,2,>450
15,82,FALSE,TRUE,2,>450
15,83,FALSE,TRUE,2,>450
15,86,FALSE,TRUE,2,>450
15,88,FALSE,TRUE,2,210
15,89,FALSE,TRUE,2,>450
15,91,FALSE,TRUE,2,20
15,92,FALSE,TRUE,2,>450
15,94,FALSE,TRUE,2,>450
15,97,FALSE,TRUE,2,>450
15,98,FALSE,TRUE,2,>450
15,101,FALSE,TRUE,2,>450
15,103,FALSE,TRUE,2,>450
15,104,FALSE,TRUE,2,>450
15,106,FALSE,TRUE,2,24
15,107,FALSE,TRUE,2,>450
15,109,FALSE,TRUE,2,>450
15,112,FALSE,TRUE,2,>450
15,113,FALSE,TRUE,2,>450
15,116,FALSE,TRUE,2,>450
15,118,FALSE,TRUE,2,>450
15,119,FALSE,TRUE,2,>450
15,121,FALSE,TRUE,2,24
15,122,FALSE,TRUE,2,>450
15,124,FALSE,TRUE,2,>450
15,127,FALSE,TRUE,2,>450
15,128,FALSE,TRUE,2,>450
15,131,FALSE,TRUE,2,>450
15,133,FALSE,TRUE,2,>450
15,134,FALSE,TRUE,2,>450
15,136,FALSE,TRUE,2,20
15,137,FALSE,TRUE,2,>450
15,139,FALSE,TRUE,2,438
15,142,FALSE,TRUE,2,>450
15,143,FALSE,TRUE,2,>450
15,146,FALSE,TRUE,2,>450
15,148,FALSE,TRUE,2,>450
15,149,FALSE,TRUE,2,>450
15,151,FALSE,TRUE,2,8
15,152,FALSE,TRUE,2,>450
15,154,FALSE,TRUE,2,>450
15,157,FALSE,TRUE,2,>450
15,158,FALSE,TRUE,2,>450
15,161,FALSE,TRUE,2,223
15,163,FALSE,TRUE,2,>450
15,164,FALSE,TRUE,2,132
15,166,FALSE,TRUE,2,40
15,167,FALSE,TRUE,2,>450
15,169,FALSE,TRUE,2,>450
15,172,FALSE,TRUE,2,>450
15,173,FALSE,TRUE,2,>450
15,176,FALSE,TRUE,2,>450
15,178,FALSE,TRUE,2,>450
15,179,FALSE,TRUE,2,>450
15,181,FALSE,TRUE,2,12
15,182,FALSE,TRUE,2,>450
15,184,FALSE,TRUE,2,>450
15,187,FALSE,TRUE,2,>450
15,188,FALSE,TRUE,2,>450
15,191,FALSE,TRUE,2,>450
15,193,FALSE,TRUE,2,>450
15,194,FALSE,TRUE,2,>450
15,196,FALSE,TRUE,2,24
15,197,FALSE,TRUE,2,>450
15,199,FALSE,TRUE,2,>450
15,202,FALSE,TRUE,2,>450
15,203,FALSE,TRUE,2,>450
15,206,FALSE,TRUE,2,>450
15,208,FALSE,TRUE,2,>450
15,209,FALSE,TRUE,2,123
15,211,FALSE,TRUE,2,40
15,212,FALSE,TRUE,2,>450
15,214,FALSE,TRUE,2,>450
15,217,FALSE,TRUE,2,>450
15,218,FALSE,TRUE,2,>450
15,221,FALSE,TRUE,2,>450
15,223,FALSE,TRUE,2,>450
15,224,FALSE,TRUE,2,220
16,-1,TRUE,FALSE,1,30
17,-4,TRUE,FALSE,1,60
17,13,TRUE,FALSE,1,30
18,9,TRUE,FALSE,1,60
19,-16,TRUE,FALSE,1,30
20,-5,TRUE,FALSE,1,30
21,6,TRUE,FALSE,1,30
22,17,TRUE,FALSE,1,30
25,-224,FALSE,TRUE,2,12
25,-223,FALSE,TRUE,2,>450
25,-221,FALSE,TRUE,2,>450
25,-220,FALSE,TRUE,2,>450
25,-218,FALSE,TRUE,2,>450
25,-217,FALSE,TRUE,2,>450
25,-215,FALSE,TRUE,2,>450
25,-214,FALSE,TRUE,2,>450
25,-212,FALSE,TRUE,2,>450
25,-211,FALSE,TRUE,2,>450
25,-209,FALSE,TRUE,2,>450
25,-208,FALSE,TRUE,2,>450
25,-206,FALSE,TRUE,2,>450
25,-205,FALSE,TRUE,2,>450
25,-203,FALSE,TRUE,2,>450
25,-202,FALSE,TRUE,2,>450
25,-200,FALSE,TRUE,2,90
25,-199,FALSE,TRUE,2,>450
25,-197,FALSE,TRUE,2,>450
25,-196,FALSE,TRUE,2,>450
25,-194,FALSE,TRUE,2,>450
25,-193,FALSE,TRUE,2,>450
25,-191,FALSE,TRUE,2,>450
25,-190,FALSE,TRUE,2,>450
25,-188,FALSE,TRUE,2,>450
25,-187,FALSE,TRUE,2,>450
25,-185,FALSE,TRUE,2,>450
25,-184,FALSE,TRUE,2,>450
25,-182,FALSE,TRUE,2,>450
25,-181,FALSE,TRUE,2,>450
25,-179,FALSE,TRUE,2,>450
25,-178,FALSE,TRUE,2,>450
25,-176,FALSE,TRUE,2,>450
25,-175,FALSE,TRUE,2,90
25,-173,FALSE,TRUE,2,>450
25,-172,FALSE,TRUE,2,>450
25,-170,FALSE,TRUE,2,>450
25,-169,FALSE,TRUE,2,>450
25,-167,FALSE,TRUE,2,>450
25,-166,FALSE,TRUE,2,>450
25,-164,FALSE,TRUE,2,>450
25,-163,FALSE,TRUE,2,>450
25,-161,FALSE,TRUE,2,>450
25,-160,FALSE,TRUE,2,>450
25,-158,FALSE,TRUE,2,>450
25,-157,FALSE,TRUE,2,>450
25,-155,FALSE,TRUE,2,>450
25,-154,FALSE,TRUE,2,>450
25,-152,FALSE,TRUE,2,>450
25,-151,FALSE,TRUE,2,>450
25,-149,FALSE,TRUE,2,>450
25,-148,FALSE,TRUE,2,>450
25,-146,FALSE,TRUE,2,>450
25,-145,FALSE,TRUE,2,>450
25,-143,FALSE,TRUE,2,>450
25,-142,FALSE,TRUE,2,>450
25,-140,FALSE,TRUE,2,>450
25,-139,FALSE,TRUE,2,>450
25,-137,FALSE,TRUE,2,>450
25,-136,FALSE,TRUE,2,>450
25,-134,FALSE,TRUE,2,>450
25,-133,FALSE,TRUE,2,220
25,-131,FALSE,TRUE,2,374
25,-130,FALSE,TRUE,2,>450
25,-128,FALSE,TRUE,2,>450
25,-127,FALSE,TRUE,2,>450
25,-125,FALSE,TRUE,2,90
25,-124,FALSE,TRUE,2,>450
25,-122,FALSE,TRUE,2,>450
25,-121,FALSE,TRUE,2,>450
25,-119,FALSE,TRUE,2,>450
25,-118,FALSE,TRUE,2,>450
25,-116,FALSE,TRUE,2,>450
25,-115,FALSE,TRUE,2,>450
25,-113,FALSE,TRUE,2,>450
25,-112,FALSE,TRUE,2,>450
25,-110,FALSE,TRUE,2,>450
25,-109,FALSE,TRUE,2,>450
25,-107,FALSE,TRUE,2,>450
25,-106,FALSE,TRUE,2,>450
25,-104,FALSE,TRUE,2,>450
25,-103,FALSE,TRUE,2,>450
25,-101,FALSE,TRUE,2,>450
25,-100,FALSE,TRUE,2,90
25,-98,FALSE,TRUE,2,>450
25,-97,FALSE,TRUE,2,>450
25,-95,FALSE,TRUE,2,>450
25,-94,FALSE,TRUE,2,>450
25,-92,FALSE,TRUE,2,>450
25,-91,FALSE,TRUE,2,>450
25,-89,FALSE,TRUE,2,>450
25,-88,FALSE,TRUE,2,>450
25,-86,FALSE,TRUE,2,>450
25,-85,FALSE,TRUE,2,>450
25,-83,FALSE,TRUE,2,>450
25,-82,FALSE,TRUE,2,>450
25,-80,FALSE,TRUE,2,>450
25,-79,FALSE,TRUE,2,223
25,-77,FALSE,TRUE,2,>450
25,-76,FALSE,TRUE,2,>450
25,-74,FALSE,TRUE,2,>450
25,-73,FALSE,TRUE,2,>450
25,-71,FALSE,TRUE,2,>450
25,-70,FALSE,TRUE,2,>450
25,-68,FALSE,TRUE,2,216
25,-67,FALSE,TRUE,2,>450
25,-65,FALSE,TRUE,2,>450
25,-64,FALSE,TRUE,2,>450
25,-62,FALSE,TRUE,2,>450
25,-61,FALSE,TRUE,2,>450
25,-59,FALSE,TRUE,2,>450
25,-58,FALSE,TRUE,2,>450
25,-56,FALSE,TRUE,2,>450
25,-55,FALSE,TRUE,2,>450
25,-53,FALSE,TRUE,2,>450
25,-52,FALSE,TRUE,2,223
25,-50,FALSE,TRUE,2,90
25,-49,FALSE,TRUE,2,168
25,-47,FALSE,TRUE,2,>450
25,-46,FALSE,TRUE,2,>450
25,-44,FALSE,TRUE,2,>450
25,-43,FALSE,TRUE,2,>450
25,-41,FALSE,TRUE,2,222
25,-40,FALSE,TRUE,2,>450
25,-38,FALSE,TRUE,2,>450
25,-37,FALSE,TRUE,2,>450
25,-35,FALSE,TRUE,2,>450
25,-34,FALSE,TRUE,2,>450
25,-32,FALSE,TRUE,2,>450
25,-31,FALSE,TRUE,2,>450
25,-29,FALSE,TRUE,2,>450
25,-28,FALSE,TRUE,2,>450
25,-26,FALSE,TRUE,2,217
25,-25,FALSE,TRUE,2,90
25,-23,FALSE,TRUE,2,>450
25,-22,FALSE,TRUE,2,>450
25,-20,FALSE,TRUE,2,>450
25,-19,FALSE,TRUE,2,>450
25,-17,FALSE,TRUE,2,>450
25,-16,FALSE,TRUE,2,>450
25,-14,FALSE,TRUE,2,>450
25,-13,FALSE,TRUE,2,>450
25,-11,FALSE,TRUE,2,>450
25,-10,FALSE,TRUE,2,>450
25,-8,FALSE,TRUE,2,>450
25,-7,FALSE,TRUE,2,>450
25,-5,FALSE,TRUE,2,>450
25,-4,FALSE,TRUE,2,>450
25,-2,FALSE,TRUE,2,>450
25,-1,FALSE,TRUE,2,223
25,1,FALSE,TRUE,2,12
25,2,FALSE,TRUE,2,>450
25,4,FALSE,TRUE,2,>450
25,5,FALSE,TRUE,2,>450
25,7,FALSE,TRUE,2,>450
25,8,FALSE,TRUE,2,>450
25,10,FALSE,TRUE,2,>450
25,11,FALSE,TRUE,2,>450
25,13,FALSE,TRUE,2,>450
25,14,FALSE,TRUE,2,>450
25,16,FALSE,TRUE,2,>450
25,17,FALSE,TRUE,2,>450
25,19,FALSE,TRUE,2,>450
25,20,FALSE,TRUE,2,>450
25,22,FALSE,TRUE,2,>450
25,23,FALSE,TRUE,2,>450
25,25,FALSE,TRUE,2,90
25,26,FALSE,TRUE,2,>450
25,28,FALSE,TRUE,2,>450
25,29,FALSE,TRUE,2,>450
25,31,FALSE,TRUE,2,>450
25,32,FALSE,TRUE,2,>450
25,34,FALSE,TRUE,2,>450
25,35,FALSE,TRUE,2,>450
25,37,FALSE,TRUE,2,>450
25,38,FALSE,TRUE,2,>450
25,40,FALSE,TRUE,2,>450
25,41,FALSE,TRUE,2,>450
25,43,FALSE,TRUE,2,>450
25,44,FALSE,TRUE,2,>450
25,46,FALSE,TRUE,2,>450
25,47,FALSE,TRUE,2,>450
25,49,FALSE,TRUE,2,>450
25,50,FALSE,TRUE,2,90
25,52,FALSE,TRUE,2,>450
25,53,FALSE,TRUE,2,>450
25,55,FALSE,TRUE,2,>450
25,56,FALSE,TRUE,2,>450
25,58,FALSE,TRUE,2,>450
25,59,FALSE,TRUE,2,>450
25,61,FALSE,TRUE,2,>450
25,62,FALSE,TRUE,2,>450
25,64,FALSE,TRUE,2,>450
25,65,FALSE,TRUE,2,>450
25,67,FALSE,TRUE,2,>450
25,68,FALSE,TRUE,2,>450
25,70,FALSE,TRUE,2,>450
25,71,FALSE,TRUE,2,>450
25,73,FALSE,TRUE,2,>450
25,74,FALSE,TRUE,2,>450
25,76,FALSE,TRUE,2,>450
25,77,FALSE,TRUE,2,>450
25,79,FALSE,TRUE,2,>450
25,80,FALSE,TRUE,2,>450
25,82,FALSE,TRUE,2,>450
25,83,FALSE,TRUE,2,>450
25,85,FALSE,TRUE,2,>450
25,86,FALSE,TRUE,2,>450
25,88,FALSE,TRUE,2,>450
25,89,FALSE,TRUE,2,>450
25,91,FALSE,TRUE,2,>450
25,92,FALSE,TRUE,2,220
25,94,FALSE,TRUE,2,374
25,95,FALSE,TRUE,2,>450
25,97,FALSE,TRUE,2,>450
25,98,FALSE,TRUE,2,>450
25,100,FALSE,TRUE,2,90
25,101,FALSE,TRUE,2,>450
25,103,FALSE,TRUE,2,>450
25,104,FALSE,TRUE,2,>450
25,106,FALSE,TRUE,2,>450
25,107,FALSE,TRUE,2,>450
25,109,FALSE,TRUE,2,>450
25,110,FALSE,TRUE,2,>450
25,112,FALSE,TRUE,2,>450
25,113,FALSE,TRUE,2,>450
25,115,FALSE,TRUE,2,>450
25,116,FALSE,TRUE,2,>450
25,118,FALSE,TRUE,2,>450
25,119,FALSE,TRUE,2,>450
25,121,FALSE,TRUE,2,>450
25,122,FALSE,TRUE,2,>450
25,124,FALSE,TRUE,2,>450
25,125,FALSE,TRUE,2,90
25,127,FALSE,TRUE,2,>450
25,128,FALSE,TRUE,2,>450
25,130,FALSE,TRUE,2,>450
25,131,FALSE,TRUE,2,>450
25,133,FALSE,TRUE,2,>450
25,134,FALSE,TRUE,2,>450
25,136,FALSE,TRUE,2,>450
25,137,FALSE,TRUE,2,>450
25,139,FALSE,TRUE,2,>450
25,140,FALSE,TRUE,2,>450
25,142,FALSE,TRUE,2,>450
25,143,FALSE,TRUE,2,>450
25,145,FALSE,TRUE,2,>450
25,146,FALSE,TRUE,2,223
25,148,FALSE,TRUE,2,>450
25,149,FALSE,TRUE,2,>450
25,151,FALSE,TRUE,2,>450
25,152,FALSE,TRUE,2,>450
25,154,FALSE,TRUE,2,>450
25,155,FALSE,TRUE,2,>450
25,157,FALSE,TRUE,2,216
25,158,FALSE,TRUE,2,>450
25,160,FALSE,TRUE,2,>450
25,161,FALSE,TRUE,2,>450
25,163,FALSE,TRUE,2,>450
25,164,FALSE,TRUE,2,>450
25,166,FALSE,TRUE,2,>450
25,167,FALSE,TRUE,2,>450
25,169,FALSE,TRUE,2,>450
25,170,FALSE,TRUE,2,>450
25,172,FALSE,TRUE,2,>450
25,173,FALSE,TRUE,2,223
25,175,FALSE,TRUE,2,90
25,176,FALSE,TRUE,2,168
25,178,FALSE,TRUE,2,>450
25,179,FALSE,TRUE,2,>450
25,181,FALSE,TRUE,2,>450
25,182,FALSE,TRUE,2,>450
25,184,FALSE,TRUE,2,222
25,185,FALSE,TRUE,2,>450
25,187,FALSE,TRUE,2,>450
25,188,FALSE,TRUE,2,>450
25,190,FALSE,TRUE,2,>450
25,191,FALSE,TRUE,2,>450
25,193,FALSE,TRUE,2,>450
25,194,FALSE,TRUE,2,>450
25,196,FALSE,TRUE,2,>450
25,197,FALSE,TRUE,2,>450
25,199,FALSE,TRUE,2,217
25,200,FALSE,TRUE,2,90
25,202,FALSE,TRUE,2,>450
25,203,FALSE,TRUE,2,>450
25,205,FALSE,TRUE,2,>450
25,206,FALSE,TRUE,2,>450
25,208,FALSE,TRUE,2,>450
25,209,FALSE,TRUE,2,>450
25,211,FALSE,TRUE,2,>450
25,212,FALSE,TRUE,2,>450
25,214,FALSE,TRUE,2,>450
25,215,FALSE,TRUE,2,>450
25,217,FALSE,TRUE,2,>450
25,218,FALSE,TRUE,2,>450
25,220,FALSE,TRUE,2,>450
25,221,FALSE,TRUE,2,>450
25,223,FALSE,TRUE,2,>450
25,224,FALSE,TRUE,2,223
26,-17,TRUE,FALSE,1,20
27,-9,TRUE,FALSE,1,20
28,-1,TRUE,FALSE,1,20
29,-22,TRUE,FALSE,1,12
29,7,TRUE,FALSE,1,20
30,-15,TRUE,FALSE,1,12
30,15,TRUE,FALSE,1,20
31,-8,TRUE,FALSE,1,12
31,23,TRUE,FALSE,1,20
32,-1,TRUE,FALSE,1,12
32,31,TRUE,FALSE,1,20
33,6,TRUE,FALSE,1,12
34,13,TRUE,FALSE,1,12
35,20,TRUE,FALSE,1,12
36,27,TRUE,FALSE,1,12
37,34,TRUE,FALSE,1,12
45,-224,FALSE,TRUE,2,24
45,-223,FALSE,TRUE,2,>450
45,-222,FALSE,TRUE,2,>450
45,-221,FALSE,TRUE,2,>450
45,-219,FALSE,TRUE,2,>450
45,-218,FALSE,TRUE,2,>450
45,-217,FALSE,TRUE,2,>450
45,-216,FALSE,TRUE,2,>450
45,-214,FALSE,TRUE,2,>450
45,-213,FALSE,TRUE,2,>450
45,-212,FALSE,TRUE,2,>450
45,-211,FALSE,TRUE,2,223
45,-209,FALSE,TRUE,2,223
45,-208,FALSE,TRUE,2,>450
45,-207,FALSE,TRUE,2,>450
45,-206,FALSE,TRUE,2,>450
45,-204,FALSE,TRUE,2,>450
45,-203,FALSE,TRUE,2,>450
45,-202,FALSE,TRUE,2,222
45,-201,FALSE,TRUE,2,>450
45,-199,FALSE,TRUE,2,>450
45,-198,FALSE,TRUE,2,>450
45,-197,FALSE,TRUE,2,>450
45,-196,FALSE,TRUE,2,>450
45,-194,FALSE,TRUE,2,>450
45,-193,FALSE,TRUE,2,>450
45,-192,FALSE,TRUE,2,>450
45,-191,FALSE,TRUE,2,>450
45,-189,FALSE,TRUE,2,>450
45,-188,FALSE,TRUE,2,220
45,-187,FALSE,TRUE,2,>450
45,-186,FALSE,TRUE,2,>450
45,-184,FALSE,TRUE,2,>450
45,-183,FALSE,TRUE,2,>450
45,-182,FALSE,TRUE,2,>450
45,-181,FALSE,TRUE,2,>450
45,-179,FALSE,TRUE,2,196
45,-178,FALSE,TRUE,2,>450
45,-177,FALSE,TRUE,2,>450
45,-176,FALSE,TRUE,2,>450
45,-174,FALSE,TRUE,2,>450
45,-173,FALSE,TRUE,2,438
45,-172,FALSE,TRUE,2,224
45,-171,FALSE,TRUE,2,>450
45,-169,FALSE,TRUE,2,>450
45,-168,FALSE,TRUE,2,>450
45,-167,FALSE,TRUE,2,420
45,-166,FALSE,TRUE,2,>450
45,-164,FALSE,TRUE,2,>450
45,-163,FALSE,TRUE,2,>450
45,-162,FALSE,TRUE,2,>450
45,-161,FALSE,TRUE,2,292
45,-159,FALSE,TRUE,2,>450
45,-158,FALSE,TRUE,2,>450
45,-157,FALSE,TRUE,2,442
45,-156,FALSE,TRUE,2,>450
45,-154,FALSE,TRUE,2,>450
45,-153,FALSE,TRUE,2,>450
45,-152,FALSE,TRUE,2,>450
45,-151,FALSE,TRUE,2,>450
45,-149,FALSE,TRUE,2,>450
45,-148,FALSE,TRUE,2,>450
45,-147,FALSE,TRUE,2,>450
45,-146,FALSE,TRUE,2,>450
45,-144,FALSE,TRUE,2,>450
45,-143,FALSE,TRUE,2,>450
45,-142,FALSE,TRUE,2,>450
45,-141,FALSE,TRUE,2,>450
45,-139,FALSE,TRUE,2,>450
45,-138,FALSE,TRUE,2,>450
45,-137,FALSE,TRUE,2,>450
45,-136,FALSE,TRUE,2,>450
45,-134,FALSE,TRUE,2,>450
45,-133,FALSE,TRUE,2,>450
45,-132,FALSE,TRUE,2,>450
45,-131,FALSE,TRUE,2,>450
45,-129,FALSE,TRUE,2,>450
45,-128,FALSE,TRUE,2,>450
45,-127,FALSE,TRUE,2,>450
45,-126,FALSE,TRUE,2,>450
45,-124,FALSE,TRUE,2,>450
45,-123,FALSE,TRUE,2,>450
45,-122,FALSE,TRUE,2,>450
45,-121,FALSE,TRUE,2,223
45,-119,FALSE,TRUE,2,>450
45,-118,FALSE,TRUE,2,>450
45,-117,FALSE,TRUE,2,>450
45,-116,FALSE,TRUE,2,>450
45,-114,FALSE,TRUE,2,>450
45,-113,FALSE,TRUE,2,>450
45,-112,FALSE,TRUE,2,>450
45,-111,FALSE,TRUE,2,>450
45,-109,FALSE,TRUE,2,>450
45,-108,FALSE,TRUE,2,>450
45,-107,FALSE,TRUE,2,>450
45,-106,FALSE,TRUE,2,>450
45,-104,FALSE,TRUE,2,>450
45,-103,FALSE,TRUE,2,>450
45,-102,FALSE,TRUE,2,>450
45,-101,FALSE,TRUE,2,>450
45,-99,FALSE,TRUE,2,>450
45,-98,FALSE,TRUE,2,>450
45,-97,FALSE,TRUE,2,>450
45,-96,FALSE,TRUE,2,>450
45,-94,FALSE,TRUE,2,>450
45,-93,FALSE,TRUE,2,>450
45,-92,FALSE,TRUE,2,>450
45,-91,FALSE,TRUE,2,>450
45,-89,FALSE,TRUE,2,>450
45,-88,FALSE,TRUE,2,>450
45,-87,FALSE,TRUE,2,>450
45,-86,FALSE,TRUE,2,>450
45,-84,FALSE,TRUE,2,>450
45,-83,FALSE,TRUE,2,>450
45,-82,FALSE,TRUE,2,>450
45,-81,FALSE,TRUE,2,>450
45,-79,FALSE,TRUE,2,>450
45,-78,FALSE,TRUE,2,>450
45,-77,FALSE,TRUE,2,>450
45,-76,FALSE,TRUE,2,216
45,-74,FALSE,TRUE,2,>450
45,-73,FALSE,TRUE,2,>450
45,-72,FALSE,TRUE,2,>450
45,-71,FALSE,TRUE,2,>450
45,-69,FALSE,TRUE,2,>450
45,-68,FALSE,TRUE,2,>450
45,-67,FALSE,TRUE,2,>450
45,-66,FALSE,TRUE,2,>450
45,-64,FALSE,TRUE,2,>450
45,-63,FALSE,TRUE,2,>450
45,-62,FALSE,TRUE,2,>450
45,-61,FALSE,TRUE,2,>450
45,-59,FALSE,TRUE,2,>450
45,-58,FALSE,TRUE,2,>450
45,-57,FALSE,TRUE,2,>450
45,-56,FALSE,TRUE,2,>450
45,-54,FALSE,TRUE,2,>450
45,-53,FALSE,TRUE,2,>450
45,-52,FALSE,TRUE,2,>450
45,-51,FALSE,TRUE,2,>450
45,-49,FALSE,TRUE,2,>450
45,-48,FALSE,TRUE,2,>450
45,-47,FALSE,TRUE,2,>450
45,-46,FALSE,TRUE,2,>450
45,-44,FALSE,TRUE,2,>450
45,-43,FALSE,TRUE,2,>450
45,-42,FALSE,TRUE,2,>450
45,-41,FALSE,TRUE,2,>450
45,-39,FALSE,TRUE,2,>450
45,-38,FALSE,TRUE,2,>450
45,-37,FALSE,TRUE,2,>450
45,-36,FALSE,TRUE,2,>450
45,-34,FALSE,TRUE,2,>450
45,-33,FALSE,TRUE,2,>450
45,-32,FALSE,TRUE,2,>450
45,-31,FALSE,TRUE,2,156
45,-29,FALSE,TRUE,2,223
45,-28,FALSE,TRUE,2,>450
45,-27,FALSE,TRUE,2,>450
45,-26,FALSE,TRUE,2,>450
45,-24,FALSE,TRUE,2,>450
45,-23,FALSE,TRUE,2,>450
45,-22,FALSE,TRUE,2,>450
45,-21,FALSE,TRUE,2,>450
45,-19,FALSE,TRUE,2,>450
45,-18,FALSE,TRUE,2,>450
45,-17,FALSE,TRUE,2,>450
45,-16,FALSE,TRUE,2,>450
45,-14,FALSE,TRUE,2,>450
45,-13,FALSE,TRUE,2,>450
45,-12,FALSE,TRUE,2,>450
45,-11,FALSE,TRUE,2,>450
45,-9,FALSE,TRUE,2,>450
45,-8,FALSE,TRUE,2,>450
45,-7,FALSE,TRUE,2,294
45,-6,FALSE,TRUE,2,>450
45,-4,FALSE,TRUE,2,>450
45,-3,FALSE,TRUE,2,>450
45,-2,FALSE,TRUE,2,>450
45,-1,FALSE,TRUE,2,223
45,1,FALSE,TRUE,2,24
45,2,FALSE,TRUE,2,>450
45,3,FALSE,TRUE,2,>450
45,4,FALSE,TRUE,2,>450
45,6,FALSE,TRUE,2,>450
45,7,FALSE,TRUE,2,>450
45,8,FALSE,TRUE,2,>450
45,9,FALSE,TRUE,2,>450
45,11,FALSE,TRUE,2,>450
45,12,FALSE,TRUE,2,>450
45,13,FALSE,TRUE,2,>450
45,14,FALSE,TRUE,2,223
45,16,FALSE,TRUE,2,223
45,17,FALSE,TRUE,2,>450
45,18,FALSE,TRUE,2,>450
45,19,FALSE,TRUE,2,>450
45,21,FALSE,TRUE,2,>450
45,22,FALSE,TRUE,2,>450
45,23,FALSE,TRUE,2,222
45,24,FALSE,TRUE,2,>450
45,26,FALSE,TRUE,2,>450
45,27,FALSE,TRUE,2,>450
45,28,FALSE,TRUE,2,>450
45,29,FALSE,TRUE,2,>450
45,31,FALSE,TRUE,2,>450
45,32,FALSE,TRUE,2,>450
45,33,FALSE,TRUE,2,>450
45,34,FALSE,TRUE,2,>450
45,36,FALSE,TRUE,2,>450
45,37,FALSE,TRUE,2,220
45,38,FALSE,TRUE,2,>450
45,39,FALSE,TRUE,2,>450
45,41,FALSE,TRUE,2,>450
45,42,FALSE,TRUE,2,>450
45,43,FALSE,TRUE,2,>450
45,44,FALSE,TRUE,2,>450
45,46,FALSE,TRUE,2,196
45,47,FALSE,TRUE,2,>450
45,48,FALSE,TRUE,2,>450
45,49,FALSE,TRUE,2,>450
45,51,FALSE,TRUE,2,>450
45,52,FALSE,TRUE,2,438
45,53,FALSE,TRUE,2,224
45,54,FALSE,TRUE,2,>450
45,56,FALSE,TRUE,2,>450
45,57,FALSE,TRUE,2,>450
45,58,FALSE,TRUE,2,420
45,59,FALSE,TRUE,2,>450
45,61,FALSE,TRUE,2,>450
45,62,FALSE,TRUE,2,>450
45,63,FALSE,TRUE,2,>450
45,64,FALSE,TRUE,2,292
45,66,FALSE,TRUE,2,>450
45,67,FALSE,TRUE,2,>450
45,68,FALSE,TRUE,2,442
45,69,FALSE,TRUE,2,>450
45,71,FALSE,TRUE,2,>450
45,72,FALSE,TRUE,2,>450
45,73,FALSE,TRUE,2,>450
45,74,FALSE,TRUE,2,>450
45,76,FALSE,TRUE,2,>450
45,77,FALSE,TRUE,2,>450
45,78,FALSE,TRUE,2,>450
45,79,FALSE,TRUE,2,>450
45,81,FALSE,TRUE,2,>450
45,82,FALSE,TRUE,2,>450
45,83,FALSE,TRUE,2,>450
45,84,FALSE,TRUE,2,>450
45,86,FALSE,TRUE,2,>450
45,87,FALSE,TRUE,2,>450
45,88,FALSE,TRUE,2,>450
45,89,FALSE,TRUE,2,>450
45,91,FALSE,TRUE,2,>450
45,92,FALSE,TRUE,2,>450
45,93,FALSE,TRUE,2,>450
45,94,FALSE,TRUE,2,>450
45,96,FALSE,TRUE,2,>450
45,97,FALSE,TRUE,2,>450
45,98,FALSE,TRUE,2,>450
45,99,FALSE,TRUE,2,>450
45,101,FALSE,TRUE,2,>450
45,102,FALSE,TRUE,2,>450
45,103,FALSE,TRUE,2,>450
45,104,FALSE,TRUE,2,223
45,106,FALSE,TRUE,2,>450
45,107,FALSE,TRUE,2,>450
45,108,FALSE,TRUE,2,>450
45,109,FALSE,TRUE,2,>450
45,111,FALSE,TRUE,2,>450
45,112,FALSE,TRUE,2,>450
45,113,FALSE,TRUE,2,>450
45,114,FALSE,TRUE,2,>450
45,116,FALSE,TRUE,2,>450
45,117,FALSE,TRUE,2,>450
45,118,FALSE,TRUE,2,>450
45,119,FALSE,TRUE,2,>450
45,121,FALSE,TRUE,2,>450
45,122,FALSE,TRUE,2,>450
45,123,FALSE,TRUE,2,>450
45,124,FALSE,TRUE,2,>450
45,126,FALSE,TRUE,2,>450
45,127,FALSE,TRUE,2,>450
45,128,FALSE,TRUE,2,>450
45,129,FALSE,TRUE,2,>450
45,131,FALSE,TRUE,2,>450
45,132,FALSE,TRUE,2,>450
45,133,FALSE,TRUE,2,>450
45,134,FALSE,TRUE,2,>450
45,136,FALSE,TRUE,2,>450
45,137,FALSE,TRUE,2,>450
45,138,FALSE,TRUE,2,>450
45,139,FALSE,TRUE,2,>450
45,141,FALSE,TRUE,2,>450
45,142,FALSE,TRUE,2,>450
45,143,FALSE,TRUE,2,>450
45,144,FALSE,TRUE,2,>450
45,146,FALSE,TRUE,2,>450
45,147,FALSE,TRUE,2,>450
45,148,FALSE,TRUE,2,>450
45,149,FALSE,TRUE,2,216
45,151,FALSE,TRUE,2,>450
45,152,FALSE,TRUE,2,>450
45,153,FALSE,TRUE,2,>450
45,154,FALSE,TRUE,2,>450
45,156,FALSE,TRUE,2,>450
45,157,FALSE,TRUE,2,>450
45,158,FALSE,TRUE,2,>450
45,159,FALSE,TRUE,2,>450
45,161,FALSE,TRUE,2,>450
45,162,FALSE,TRUE,2,>450
45,163,FALSE,TRUE,2,>450
45,164,FALSE,TRUE,2,>450
45,166,FALSE,TRUE,2,>450
45,167,FALSE,TRUE,2,>450
45,168,FALSE,TRUE,2,>450
45,169,FALSE,TRUE,2,>450
45,171,FALSE,TRUE,2,>450
45,172,FALSE,TRUE,2,>450
45,173,FALSE,TRUE,2,>450
45,174,FALSE,TRUE,2,>450
45,176,FALSE,TRUE,2,>450
45,177,FALSE,TRUE,2,>450
45,178,FALSE,TRUE,2,>450
45,179,FALSE,TRUE,2,>450
45,181,FALSE,TRUE,2,>450
45,182,FALSE,TRUE,2,>450
45,183,FALSE,TRUE,2,>450
45,184,FALSE,TRUE,2,>450
45,186,FALSE,TRUE,2,>450
45,187,FALSE,TRUE,2,>450
45,188,FALSE,TRUE,2,>450
45,189,FALSE,TRUE,2,>450
45,191,FALSE,TRUE,2,>450
45,192,FALSE,TRUE,2,>450
45,193,FALSE,TRUE,2,>450
45,194,FALSE,TRUE,2,156
45,196,FALSE,TRUE,2,223
45,197,FALSE,TRUE,2,>450
45,198,FALSE,TRUE,2,>450
45,199,FALSE,TRUE,2,>450
45,201,FALSE,TRUE,2,>450
45,202,FALSE,TRUE,2,>450
45,203,FALSE,TRUE,2,>450
45,204,FALSE,TRUE,2,>450
45,206,FALSE,TRUE,2,>450
45,207,FALSE,TRUE,2,>450
45,208,FALSE,TRUE,2,>450
45,209,FALSE,TRUE,2,>450
45,211,FALSE,TRUE,2,>450
45,212,FALSE,TRUE,2,>450
45,213,FALSE,TRUE,2,>450
45,214,FALSE,TRUE,2,>450
45,216,FALSE,TRUE,2,>450
45,217,FALSE,TRUE,2,>450
45,218,FALSE,TRUE,2,294
45,219,FALSE,TRUE,2,>450
45,221,FALSE,TRUE,2,>450
45,222,FALSE,TRUE,2,>450
45,223,FALSE,TRUE,2,>450
45,224,FALSE,TRUE,2,223
46,-41,TRUE,FALSE,1,30
47,-37,TRUE,FALSE,1,30
48,-33,TRUE,FALSE,1,30
49,-29,TRUE,FALSE,1,30
50,-25,TRUE,FALSE,1,30
51,-21,TRUE,FALSE,1,30
52,-17,TRUE,FALSE,1,30
53,-13,TRUE,FALSE,1,30
54,-9,TRUE,FALSE,1,30
55,-5,TRUE,FALSE,1,30
56,-1,TRUE,FALSE,1,30
57,3,TRUE,FALSE,1,30
58,7,TRUE,FALSE,1,30
59,11,TRUE,FALSE,1,30
60,15,TRUE,FALSE,1,30
61,19,TRUE,FALSE,1,30
62,23,TRUE,FALSE,1,30
63,27,TRUE,FALSE,1,30
64,31,TRUE,FALSE,1,30
65,35,TRUE,FALSE,1,30
66,39,TRUE,FALSE,1,30
67,43,TRUE,FALSE,1,30
68,47,TRUE,FALSE,1,30
69,51,TRUE,FALSE,1,30
70,55,TRUE,FALSE,1,30
71,59,TRUE,FALSE,1,30
72,63,TRUE,FALSE,1,30
73,67,TRUE,FALSE,1,30
74,71,TRUE,FALSE,1,30
75,-224,FALSE,TRUE,2,24
75,-223,FALSE,TRUE,2,223
75,-221,FALSE,TRUE,2,>450
75,-220,FALSE,TRUE,2,420
75,-218,FALSE,TRUE,2,>450
75,-217,FALSE,TRUE,2,>450
75,-215,FALSE,TRUE,2,>450
75,-214,FALSE,TRUE,2,>450
75,-212,FALSE,TRUE,2,>450
75,-211,FALSE,TRUE,2,>450
75,-209,FALSE,TRUE,2,>450
75,-208,FALSE,TRUE,2,>450
75,-206,FALSE,TRUE,2,>450
75,-205,FALSE,TRUE,2,>450
75,-203,FALSE,TRUE,2,>450
75,-202,FALSE,TRUE,2,>450
75,-200,FALSE,TRUE,2,200
75,-199,FALSE,TRUE,2,>450
75,-197,FALSE,TRUE,2,>450
75,-196,FALSE,TRUE,2,>450
75,-194,FALSE,TRUE,2,>450
75,-193,FALSE,TRUE,2,223
75,-191,FALSE,TRUE,2,>450
75,-190,FALSE,TRUE,2,>450
75,-188,FALSE,TRUE,2,>450
75,-187,FALSE,TRUE,2,>450
75,-185,FALSE,TRUE,2,>450
75,-184,FALSE,TRUE,2,>450
75,-182,FALSE,TRUE,2,>450
75,-181,FALSE,TRUE,2,>450
75,-179,FALSE,TRUE,2,>450
75,-178,FALSE,TRUE,2,>450
75,-176,FALSE,TRUE,2,>450
75,-175,FALSE,TRUE,2,140
75,-173,FALSE,TRUE,2,>450
75,-172,FALSE,TRUE,2,>450
75,-170,FALSE,TRUE,2,>450
75,-169,FALSE,TRUE,2,>450
75,-167,FALSE,TRUE,2,>450
75,-166,FALSE,TRUE,2,>450
75,-164,FALSE,TRUE,2,>450
75,-163,FALSE,TRUE,2,>450
75,-161,FALSE,TRUE,2,>450
75,-160,FALSE,TRUE,2,>450
75,-158,FALSE,TRUE,2,>450
75,-157,FALSE,TRUE,2,>450
75,-155,FALSE,TRUE,2,>450
75,-154,FALSE,TRUE,2,>450
75,-152,FALSE,TRUE,2,>450
75,-151,FALSE,TRUE,2,>450
75,-149,FALSE,TRUE,2,>450
75,-148,FALSE,TRUE,2,>450
75,-146,FALSE,TRUE,2,>450
75,-145,FALSE,TRUE,2,>450
75,-143,FALSE,TRUE,2,>450
75,-142,FALSE,TRUE,2,>450
75,-140,FALSE,TRUE,2,>450
75,-139,FALSE,TRUE,2,>450
75,-137,FALSE,TRUE,2,>450
75,-136,FALSE,TRUE,2,>450
75,-134,FALSE,TRUE,2,>450
75,-133,FALSE,TRUE,2,>450
75,-131,FALSE,TRUE,2,>450
75,-130,FALSE,TRUE,2,>450
75,-128,FALSE,TRUE,2,>450
75,-127,FALSE,TRUE,2,>450
75,-125,FALSE,TRUE,2,>450
75,-124,FALSE,TRUE,2,>450
75,-122,FALSE,TRUE,2,>450
75,-121,FALSE,TRUE,2,>450
75,-119,FALSE,TRUE,2,>450
75,-118,FALSE,TRUE,2,>450
75,-116,FALSE,TRUE,2,>450
75,-115,FALSE,TRUE,2,>450
75,-113,FALSE,TRUE,2,>450
75,-112,FALSE,TRUE,2,>450
75,-110,FALSE,TRUE,2,>450
75,-109,FALSE,TRUE,2,208
75,-107,FALSE,TRUE,2,436
75,-106,FALSE,TRUE,2,>450
75,-104,FALSE,TRUE,2,>450
75,-103,FALSE,TRUE,2,>450
75,-101,FALSE,TRUE,2,>450
75,-100,FALSE,TRUE,2,120
75,-98,FALSE,TRUE,2,>450
75,-97,FALSE,TRUE,2,>450
75,-95,FALSE,TRUE,2,>450
75,-94,FALSE,TRUE,2,>450
75,-92,FALSE,TRUE,2,>450
75,-91,FALSE,TRUE,2,>450
75,-89,FALSE,TRUE,2,>450
75,-88,FALSE,TRUE,2,>450
75,-86,FALSE,TRUE,2,>450
75,-85,FALSE,TRUE,2,>450
75,-83,FALSE,TRUE,2,>450
75,-82,FALSE,TRUE,2,>450
75,-80,FALSE,TRUE,2,>450
75,-79,FALSE,TRUE,2,>450
75,-77,FALSE,TRUE,2,>450
75,-76,FALSE,TRUE,2,>450
75,-74,FALSE,TRUE,2,>450
75,-73,FALSE,TRUE,2,>450
75,-71,FALSE,TRUE,2,>450
75,-70,FALSE,TRUE,2,>450
75,-68,FALSE,TRUE,2,>450
75,-67,FALSE,TRUE,2,>450
75,-65,FALSE,TRUE,2,>450
75,-64,FALSE,TRUE,2,>450
75,-62,FALSE,TRUE,2,>450
75,-61,FALSE,TRUE,2,>450
75,-59,FALSE,TRUE,2,>450
75,-58,FALSE,TRUE,2,>450
75,-56,FALSE,TRUE,2,>450
75,-55,FALSE,TRUE,2,>450
75,-53,FALSE,TRUE,2,>450
75,-52,FALSE,TRUE,2,>450
75,-50,FALSE,TRUE,2,360
75,-49,FALSE,TRUE,2,>450
75,-47,FALSE,TRUE,2,>450
75,-46,FALSE,TRUE,2,>450
75,-44,FALSE,TRUE,2,>450
75,-43,FALSE,TRUE,2,>450
75,-41,FALSE,TRUE,2,>450
75,-40,FALSE,TRUE,2,>450
75,-38,FALSE,TRUE,2,>450
75,-37,FALSE,TRUE,2,>450
75,-35,FALSE,TRUE,2,>450
75,-34,FALSE,TRUE,2,>450
75,-32,FALSE,TRUE,2,>450
75,-31,FALSE,TRUE,2,>450
75,-29,FALSE,TRUE,2,>450
75,-28,FALSE,TRUE,2,>450
75,-26,FALSE,TRUE,2,>450
75,-25,FALSE,TRUE,2,>450
75,-23,FALSE,TRUE,2,>450
75,-22,FALSE,TRUE,2,>450
75,-20,FALSE,TRUE,2,>450
75,-19,FALSE,TRUE,2,>450
75,-17,FALSE,TRUE,2,>450
75,-16,FALSE,TRUE,2,220
75,-14,FALSE,TRUE,2,>450
75,-13,FALSE,TRUE,2,>450
75,-11,FALSE,TRUE,2,442
75,-10,FALSE,TRUE,2,>450
75,-8,FALSE,TRUE,2,>450
75,-7,FALSE,TRUE,2,>450
75,-5,FALSE,TRUE,2,>450
75,-4,FALSE,TRUE,2,168
75,-2,FALSE,TRUE,2,224
75,-1,FALSE,TRUE,2,223
75,1,FALSE,TRUE,2,24
75,2,FALSE,TRUE,2,223
75,4,FALSE,TRUE,2,>450
75,5,FALSE,TRUE,2,420
75,7,FALSE,TRUE,2,>450
75,8,FALSE,TRUE,2,>450
75,10,FALSE,TRUE,2,>450
75,11,FALSE,TRUE,2,>450
75,13,FALSE,TRUE,2,>450
75,14,FALSE,TRUE,2,>450
75,16,FALSE,TRUE,2,>450
75,17,FALSE,TRUE,2,>450
75,19,FALSE,TRUE,2,>450
75,20,FALSE,TRUE,2,>450
75,22,FALSE,TRUE,2,>450
75,23,FALSE,TRUE,2,>450
75,25,FALSE,TRUE,2,200
75,26,FALSE,TRUE,2,>450
75,28,FALSE,TRUE,2,>450
75,29,FALSE,TRUE,2,>450
75,31,FALSE,TRUE,2,>450
75,32,FALSE,TRUE,2,223
75,34,FALSE,TRUE,2,>450
75,35,FALSE,TRUE,2,>450
75,37,FALSE,TRUE,2,>450
75,38,FALSE,TRUE,2,>450
75,40,FALSE,TRUE,2,>450
75,41,FALSE,TRUE,2,>450
75,43,FALSE,TRUE,2,>450
75,44,FALSE,TRUE,2,>450
75,46,FALSE,TRUE,2,>450
75,47,FALSE,TRUE,2,>450
75,49,FALSE,TRUE,2,>450
75,50,FALSE,TRUE,2,140
75,52,FALSE,TRUE,2,>450
75,53,FALSE,TRUE,2,>450
75,55,FALSE,TRUE,2,>450
75,56,FALSE,TRUE,2,>450
75,58,FALSE,TRUE,2,>450
75,59,FALSE,TRUE,2,>450
75,61,FALSE,TRUE,2,>450
75,62,FALSE,TRUE,2,>450
75,64,FALSE,TRUE,2,>450
75,65,FALSE,TRUE,2,>450
75,67,FALSE,TRUE,2,>450
75,68,FALSE,TRUE,2,>450
75,70,FALSE,TRUE,2,>450
75,71,FALSE,TRUE,2,>450
75,73,FALSE,TRUE,2,>450
75,74,FALSE,TRUE,2,>450
75,76,FALSE,TRUE,2,>450
75,77,FALSE,TRUE,2,>450
75,79,FALSE,TRUE,2,>450
75,80,FALSE,TRUE,2,>450
75,82,FALSE,TRUE,2,>450
75,83,FALSE,TRUE,2,>450
75,85,FALSE,TRUE,2,>450
75,86,FALSE,TRUE,2,>450
75,88,FALSE,TRUE,2,>450
75,89,FALSE,TRUE,2,>450
75,91,FALSE,TRUE,2,>450
75,92,FALSE,TRUE,2,>450
75,94,FALSE,TRUE,2,>450
75,95,FALSE,TRUE,2,>450
75,97,FALSE,TRUE,2,>450
75,98,FALSE,TRUE,2,>450
75,100,FALSE,TRUE,2,>450
75,101,FALSE,TRUE,2,>450
75,103,FALSE,TRUE,2,>450
75,104,FALSE,TRUE,2,>450
75,106,FALSE,TRUE,2,>450
75,107,FALSE,TRUE,2,>450
75,109,FALSE,TRUE,2,>450
75,110,FALSE,TRUE,2,>450
75,112,FALSE,TRUE,2,>450
75,113,FALSE,TRUE,2,>450
75,115,FALSE,TRUE,2,>450
75,116,FALSE,TRUE,2,208
75,118,FALSE,TRUE,2,436
75,119,FALSE,TRUE,2,>450
75,121,FALSE,TRUE,2,>450
75,122,FALSE,TRUE,2,>450
75,124,FALSE,TRUE,2,>450
75,125,FALSE,TRUE,2,120
75,127,FALSE,TRUE,2,>450
75,128,FALSE,TRUE,2,>450
75,130,FALSE,TRUE,2,>450
75,131,FALSE,TRUE,2,>450
75,133,FALSE,TRUE,2,>450
75,134,FALSE,TRUE,2,>450
75,136,FALSE,TRUE,2,>450
75,137,FALSE,TRUE,2,>450
75,139,FALSE,TRUE,2,>450
75,140,FALSE,TRUE,2,>450
75,142,FALSE,TRUE,2,>450
75,143,FALSE,TRUE,2,>450
75,145,FALSE,TRUE,2,>450
75,146,FALSE,TRUE,2,>450
75,148,FALSE,TRUE,2,>450
75,149,FALSE,TRUE,2,>450
75,151,FALSE,TRUE,2,>450
75,152,FALSE,TRUE,2,>450
75,154,FALSE,TRUE,2,>450
75,155,FALSE,TRUE,2,>450
75,157,FALSE,TRUE,2,>450
75,158,FALSE,TRUE,2,>450
75,160,FALSE,TRUE,2,>450
75,161,FALSE,TRUE,2,>450
75,163,FALSE,TRUE,2,>450
75,164,FALSE,TRUE,2,>450
75,166,FALSE,TRUE,2,>450
75,167,FALSE,TRUE,2,>450
75,169,FALSE,TRUE,2,>450
75,170,FALSE,TRUE,2,>450
75,172,FALSE,TRUE,2,>450
75,173,FALSE,TRUE,2,>450
75,175,FALSE,TRUE,2,360
75,176,FALSE,TRUE,2,>450
75,178,FALSE,TRUE,2,>450
75,179,FALSE,TRUE,2,>450
75,181,FALSE,TRUE,2,>450
75,182,FALSE,TRUE,2,>450
75,184,FALSE,TRUE,2,>450
75,185,FALSE,TRUE,2,>450
75,187,FALSE,TRUE,2,>450
75,188,FALSE,TRUE,2,>450
75,190,FALSE,TRUE,2,>450
75,191,FALSE,TRUE,2,>450
75,193,FALSE,TRUE,2,>450
75,194,FALSE,TRUE,2,>450
75,196,FALSE,TRUE,2,>450
75,197,FALSE,TRUE,2,>450
75,199,FALSE,TRUE,2,>450
75,200,FALSE,TRUE,2,>450
75,202,FALSE,TRUE,2,>450
75,203,FALSE,TRUE,2,>450
75,205,FALSE,TRUE,2,>450
75,206,FALSE,TRUE,2,>450
75,208,FALSE,TRUE,2,>450
75,209,FALSE,TRUE,2,220
75,211,FALSE,TRUE,2,>450
75,212,FALSE,TRUE,2,>450
75,214,FALSE,TRUE,2,442
75,215,FALSE,TRUE,2,>450
75,217,FALSE,TRUE,2,>450
75,218,FALSE,TRUE,2,>450
75,220,FALSE,TRUE,2,>450
75,221,FALSE,TRUE,2,168
75,223,FALSE,TRUE,2,224
75,224,FALSE,TRUE,2,223
76,-73,TRUE,FALSE,1,60
77,-71,TRUE,FALSE,1,60
78,-69,TRUE,FALSE,1,60
79,-67,TRUE,FALSE,1,60
80,-65,TRUE,FALSE,1,60
81,-63,TRUE,FALSE,1,60
82,-61,TRUE,FALSE,1,60
83,-59,TRUE,FALSE,1,60
84,-57,TRUE,FALSE,1,60
85,-55,TRUE,FALSE,1,60
86,-53,TRUE,FALSE,1,60
87,-51,TRUE,FALSE,1,60
88,-49,TRUE,FALSE,1,60
89,-47,TRUE,FALSE,1,60
90,-45,TRUE,FALSE,1,60
91,-43,TRUE,FALSE,1,60
92,-41,TRUE,FALSE,1,60
93,-39,TRUE,FALSE,1,60
94,-37,TRUE,FALSE,1,60
95,-35,TRUE,FALSE,1,60
96,-33,TRUE,FALSE,1,60
97,-31,TRUE,FALSE,1,60
98,-29,TRUE,FALSE,1,60
99,-27,TRUE,FALSE,1,60
100,-25,TRUE,FALSE,1,60
101,-23,TRUE,FALSE,1,60
102,-21,TRUE,FALSE,1,60
103,-19,TRUE,FALSE,1,60
104,-17,TRUE,FALSE,1,60
105,-15,TRUE,FALSE,1,60
106,-13,TRUE,FALSE,1,60
107,-11,TRUE,FALSE,1,60
108,-9,TRUE,FALSE,1,60
109,-7,TRUE,FALSE,1,60
110,-5,TRUE,FALSE,1,60
111,-3,TRUE,FALSE,1,60
112,-1,TRUE,FALSE,1,60
113,-112,TRUE,FALSE,1,2
113,1,TRUE,FALSE,1,60
114,-111,TRUE,FALSE,1,2
114,3,TRUE,FALSE,1,60
115,-110,TRUE,FALSE,1,2
115,5,TRUE,FALSE,1,60
116,-109,TRUE,FALSE,1,2
116,7,TRUE,FALSE,1,60
117,-108,TRUE,FALSE,1,2
117,9,TRUE,FALSE,1,60
118,-107,TRUE,FALSE,1,2
118,11,TRUE,FALSE,1,60
119,-106,TRUE,FALSE,1,2
119,13,TRUE,FALSE,1,60
120,-105,TRUE,FALSE,1,2
120,15,TRUE,FALSE,1,60
121,-104,TRUE,FALSE,1,2
121,17,TRUE,FALSE,1,60
122,-103,TRUE,FALSE,1,2
122,19,TRUE,FALSE,1,60
123,-102,TRUE,FALSE,1,2
123,21,TRUE,FALSE,1,60
124,-101,TRUE,FALSE,1,2
124,23,TRUE,FALSE,1,60
125,-100,TRUE,FALSE,1,2
125,25,TRUE,FALSE,1,60
126,-99,TRUE,FALSE,1,2
126,27,TRUE,FALSE,1,60
127,-98,TRUE,FALSE,1,2
127,29,TRUE,FALSE,1,60
128,-97,TRUE,FALSE,1,2
128,31,TRUE,FALSE,1,60
129,-96,TRUE,FALSE,1,2
129,33,TRUE,FALSE,1,60
130,-95,TRUE,FALSE,1,2
130,35,TRUE,FALSE,1,60
131,-94,TRUE,FALSE,1,2
131,37,TRUE,FALSE,1,60
132,-93,TRUE,FALSE,1,2
132,39,TRUE,FALSE,1,60
133,-92,TRUE,FALSE,1,2
133,41,TRUE,FALSE,1,60
134,-91,TRUE,FALSE,1,2
134,43,TRUE,FALSE,1,60
135,-90,TRUE,FALSE,1,2
135,45,TRUE,FALSE,1,60
136,-89,TRUE,FALSE,1,2
136,47,TRUE,FALSE,1,60
137,-88,TRUE,FALSE,1,2
137,49,TRUE,FALSE,1,60
138,-87,TRUE,FALSE,1,2
138,51,TRUE,FALSE,1,60
139,-86,TRUE,FALSE,1,2
139,53,TRUE,FALSE,1,60
140,-85,TRUE,FALSE,1,2
140,55,TRUE,FALSE,1,60
141,-84,TRUE,FALSE,1,2
141,57,TRUE,FALSE,1,60
142,-83,TRUE,FALSE,1,2
142,59,TRUE,FALSE,1,60
143,-82,TRUE,FALSE,1,2
143,61,TRUE,FALSE,1,60
144,-81,TRUE,FALSE,1,2
144,63,TRUE,FALSE,1,60
145,-80,TRUE,FALSE,1,2
145,65,TRUE,FALSE,1,60
146,-79,TRUE,FALSE,1,2
146,67,TRUE,FALSE,1,60
147,-78,TRUE,FALSE,1,2
147,69,TRUE,FALSE,1,60
148,-77,TRUE,FALSE,1,2
148,71,TRUE,FALSE,1,60
149,-76,TRUE,FALSE,1,2
149,73,TRUE,FALSE,1,60
150,-75,TRUE,FALSE,1,2
150,75,TRUE,FALSE,1,60
151,-74,TRUE,FALSE,1,2
151,77,TRUE,FALSE,1,60
152,-73,TRUE,FALSE,1,2
152,79,TRUE,FALSE,1,60
153,-72,TRUE,FALSE,1,2
153,81,TRUE,FALSE,1,60
154,-71,TRUE,FALSE,1,2
154,83,TRUE,FALSE,1,60
155,-70,TRUE,FALSE,1,2
155,85,TRUE,FALSE,1,60
156,-69,TRUE,FALSE,1,2
156,87,TRUE,FALSE,1,60
157,-68,TRUE,FALSE,1,2
157,89,TRUE,FALSE,1,60
158,-67,TRUE,FALSE,1,2
158,91,TRUE,FALSE,1,60
159,-66,TRUE,FALSE,1,2
159,93,TRUE,FALSE,1,60
160,-65,TRUE,FALSE,1,2
160,95,TRUE,FALSE,1,60
161,-64,TRUE,FALSE,1,2
161,97,TRUE,FALSE,1,60
162,-63,TRUE,FALSE,1,2
162,99,TRUE,FALSE,1,60
163,-62,TRUE,FALSE,1,2
163,101,TRUE,FALSE,1,60
164,-61,TRUE,FALSE,1,2
164,103,TRUE,FALSE,1,60
165,-60,TRUE,FALSE,1,2
165,105,TRUE,FALSE,1,60
166,-59,TRUE,FALSE,1,2
166,107,TRUE,FALSE,1,60
167,-58,TRUE,FALSE,1,2
167,109,TRUE,FALSE,1,60
168,-57,TRUE,FALSE,1,2
168,111,TRUE,FALSE,1,60
169,-56,TRUE,FALSE,1,2
169,113,TRUE,FALSE,1,60
170,-55,TRUE,FALSE,1,2
170,115,TRUE,FALSE,1,60
171,-54,TRUE,FALSE,1,2
171,117,TRUE,FALSE,1,60
172,-53,TRUE,FALSE,1,2
172,119,TRUE,FALSE,1,60
173,-52,TRUE,FALSE,1,2
173,121,TRUE,FALSE,1,60
174,-51,TRUE,FALSE,1,2
174,123,TRUE,FALSE,1,60
175,-50,TRUE,FALSE,1,2
175,125,TRUE,FALSE,1,60
176,-49,TRUE,FALSE,1,2
176,127,TRUE,FALSE,1,60
177,-48,TRUE,FALSE,1,2
177,129,TRUE,FALSE,1,60
178,-47,TRUE,FALSE,1,2
178,131,TRUE,FALSE,1,60
179,-46,TRUE,FALSE,1,2
179,133,TRUE,FALSE,1,60
180,-45,TRUE,FALSE,1,2
180,135,TRUE,FALSE,1,60
181,-44,TRUE,FALSE,1,2
181,137,TRUE,FALSE,1,60
182,-43,TRUE,FALSE,1,2
182,139,TRUE,FALSE,1,60
183,-42,TRUE,FALSE,1,2
183,141,TRUE,FALSE,1,60
184,-41,TRUE,FALSE,1,2
184,143,TRUE,FALSE,1,60
185,-40,TRUE,FALSE,1,2
185,145,TRUE,FALSE,1,60
186,-39,TRUE,FALSE,1,2
186,147,TRUE,FALSE,1,60
187,-38,TRUE,FALSE,1,2
187,149,TRUE,FALSE,1,60
188,-37,TRUE,FALSE,1,2
188,151,TRUE,FALSE,1,60
189,-36,TRUE,FALSE,1,2
189,153,TRUE,FALSE,1,60
190,-35,TRUE,FALSE,1,2
190,155,TRUE,FALSE,1,60
191,-34,TRUE,FALSE,1,2
191,157,TRUE,FALSE,1,60
192,-33,TRUE,FALSE,1,2
192,159,TRUE,FALSE,1,60
193,-32,TRUE,FALSE,1,2
193,161,TRUE,FALSE,1,60
194,-31,TRUE,FALSE,1,2
194,163,TRUE,FALSE,1,60
195,-30,TRUE,FALSE,1,2
195,165,TRUE,FALSE,1,60
196,-29,TRUE,FALSE,1,2
196,167,TRUE,FALSE,1,60
197,-28,TRUE,FALSE,1,2
197,169,TRUE,FALSE,1,60
198,-27,TRUE,FALSE,1,2
198,171,TRUE,FALSE,1,60
199,-26,TRUE,FALSE,1,2
199,173,TRUE,FALSE,1,60
200,-25,TRUE,FALSE,1,2
200,175,TRUE,FALSE,1,60
201,-24,TRUE,FALSE,1,2
201,177,TRUE,FALSE,1,60
202,-23,TRUE,FALSE,1,2
202,179,TRUE,FALSE,1,60
203,-22,TRUE,FALSE,1,2
203,181,TRUE,FALSE,1,60
204,-21,TRUE,FALSE,1,2
204,183,TRUE,FALSE,1,60
205,-20,TRUE,FALSE,1,2
205,185,TRUE,FALSE,1,60
206,-19,TRUE,FALSE,1,2
206,187,TRUE,FALSE,1,60
207,-18,TRUE,FALSE,1,2
207,189,TRUE,FALSE,1,60
208,-17,TRUE,FALSE,1,2
208,191,TRUE,FALSE,1,60
209,-16,TRUE,FALSE,1,2
209,193,TRUE,FALSE,1,60
210,-15,TRUE,FALSE,1,2
210,195,TRUE,FALSE,1,60
211,-14,TRUE,FALSE,1,2
211,197,TRUE,FALSE,1,60
212,-13,TRUE,FALSE,1,2
212,199,TRUE,FALSE,1,60
213,-12,TRUE,FALSE,1,2
213,201,TRUE,FALSE,1,60
214,-11,TRUE,FALSE,1,2
214,203,TRUE,FALSE,1,60
215,-10,TRUE,FALSE,1,2
215,205,TRUE,FALSE,1,60
216,-9,TRUE,FALSE,1,2
216,207,TRUE,FALSE,1,60
217,-8,TRUE,FALSE,1,2
217,209,TRUE,FALSE,1,60
218,-7,TRUE,FALSE,1,2
218,211,TRUE,FALSE,1,60
219,-6,TRUE,FALSE,1,2
219,213,TRUE,FALSE,1,60
220,-5,TRUE,FALSE,1,2
220,215,TRUE,FALSE,1,60
221,-4,TRUE,FALSE,1,2
221,217,TRUE,FALSE,1,60
222,-3,TRUE,FALSE,1,2
222,219,TRUE,FALSE,1,60
223,-2,TRUE,FALSE,1,2
223,221,TRUE,FALSE,1,60
224,-1,TRUE,FALSE,1,2
224,223,TRUE,FALSE,1,60
